{"stats":{"minecraft:used":{"simpletomb:grave_key":1,"minecraft:iron_chestplate":1,"minecraft:torch":11,"minecraft:dirt":53,"minecraft:axolotl_bucket":3,"minecraft:obsidian":9,"minecraft:iron_hoe":2,"easy_hammers:iron_hammer":49,"minecraft:furnace":1,"minecraft:minecart":1,"tombstone:gift":4,"minecraft:cooked_beef":29,"minecraft:iron_leggings":1,"minecraft:water_bucket":7,"minecraft:stone_pickaxe":10,"minecraft:ender_pearl":88,"minecraft:wooden_pickaxe":3,"minecraft:rail":1,"minecraft:crafting_table":2,"minecraft:oak_log":10,"minecraft:iron_pickaxe":54,"minecraft:stone_axe":173,"minecraft:fishing_rod":7,"minecraft:bucket":1},"minecraft:killed":{"luminousworld:miner_zombie":1,"minecraft:spider":2,"enemyexpansion:direwolf":3,"creeperoverhaul:bamboo_creeper":1,"minecraft:skeleton":5,"enemyexpansion:vampflyer":1,"earthmobsmod:bouldering_zombie":1,"born_in_chaos_v1:baby_skeleton":1,"undead_revamp2:the_moonflower":1,"minecraft:creeper":1,"undead_revamp2:theordure":1,"undead_revamp2:thesomnolence":2,"minecraft:zombie":2,"born_in_chaos_v1:dread_hound":2,"enemyexpansion:vampire":2,"born_in_chaos_v1:corpse_fly":2,"enemyexpansion:botfly":3},"minecraft:dropped":{"minecraft:water_bucket":2,"minecraft:iron_sword":1,"born_in_chaos_v1:shattered_skull":2,"minecraft:wheat_seeds":16,"minecraft:cooked_beef":9,"minecraft:tnt":1,"minecraft:ender_pearl":2,"evenmoreinstruments:saxophone":1,"minecraft:cobblestone":2,"minecraft:copper_ingot":1,"born_in_chaos_v1:pieceofdarkmetal":3,"minecraft:rail":1,"minecraft:grass_block":2,"minecraft:stick":22,"minecraft:dirt":99,"born_in_chaos_v1:black_argillite":3,"minecraft:torch":2,"evenmoreinstruments:trombone":1,"minecraft:jungle_sapling":1,"minecraft:axolotl_bucket":2,"minecraft:fishing_rod":1,"minecraft:redstone_block":1,"minecraft:bone":5,"alexsmobs:animal_dictionary":1,"minecraft:cobbled_deepslate":2,"minecraft:cocoa_beans":3,"minecraft:tuff":7,"minecraft:obsidian":1,"undead_revamp2:arapholia":2,"minecraft:rotten_flesh":2,"minecraft:villager_spawn_egg":1,"earthmobsmod:harder_flesh":2,"supplementaries:antique_ink":2,"minecraft:flint_and_steel":1,"gobber2:gobber2_globette":8,"supplementaries:flax_seeds":4,"born_in_chaos_v1:corpse_maggot":5,"minecraft:jungle_log":1,"minecraft:redstone_torch":1,"minecraft:bamboo":2,"minecraft:arrow":1,"minecraft:powered_rail":1,"minecraft:stone_pickaxe":1,"minecraft:wooden_pickaxe":1,"supplementaries:flute":2},"minecraft:mined":{"minecraft:tuff":1,"minecraft:deepslate_diamond_ore":2,"born_in_chaos_v1:gnawed_bones":1,"minecraft:iron_ore":10,"minecraft:fire":4,"minecraft:barrel":5,"minecraft:rail":1,"minecraft:deepslate_iron_ore":9,"minecraft:azalea":1,"minecraft:stone":27,"minecraft:dandelion":2,"minecraft:crafting_table":1,"minecraft:torch":3,"minecraft:deepslate_gold_ore":2,"minecraft:wall_torch":7,"supplementaries:urn":2,"biomesoplenty:glowworm_silk_strand":1,"gobber2:gobber2_lucky_block_deepslate":1,"minecraft:grass":17,"minecraft:oak_log":1,"minecraft:cocoa":1,"minecraft:dirt":3,"minecraft:oak_leaves":1,"minecraft:deepslate":57,"minecraft:fern":2},"minecraft:broken":{"minecraft:stone_axe":2},"minecraft:custom":{"minecraft:mob_kills":33,"minecraft:interact_with_crafting_table":22,"minecraft:damage_dealt_resisted":60,"minecraft:leave_game":1,"minecraft:time_since_death":16365,"minecraft:climb_one_cm":714,"minecraft:sprint_one_cm":161755,"minecraft:walk_one_cm":183569,"minecraft:drop":92,"minecraft:damage_dealt_absorbed":24,"minecraft:play_time":102455,"minecraft:deaths":4,"minecraft:sneak_time":2594,"minecraft:walk_under_water_one_cm":28649,"minecraft:jump":1006,"minecraft:walk_on_water_one_cm":12155,"minecraft:total_world_time":102455,"minecraft:interact_with_furnace":16,"minecraft:time_since_rest":16168,"minecraft:damage_taken":3884,"minecraft:damage_dealt":6525,"minecraft:swim_one_cm":550,"minecraft:fly_one_cm":249462,"minecraft:open_chest":1,"minecraft:crouch_one_cm":3802,"tombstone:undead_killed":15,"minecraft:fall_one_cm":28178},"minecraft:crafted":{"minecraft:oak_planks":144,"easy_hammers:iron_hammer":1,"minecraft:furnace":1,"minecraft:iron_boots":1,"minecraft:stone_pickaxe":1,"minecraft:crafting_table":1,"minecraft:wooden_pickaxe":1,"minecraft:iron_helmet":1,"minecraft:bone":6,"minecraft:stone_axe":3,"minecraft:stick":64,"minecraft:iron_ingot":18,"minecraft:iron_leggings":1},"minecraft:picked_up":{"minecraft:cocoa_beans":3,"minecraft:iron_chestplate":1,"minecraft:crafting_table":1,"born_in_chaos_v1:black_argillite":3,"minecraft:string":2,"minecraft:cobbled_deepslate":299,"born_in_chaos_v1:gnawed_bones":1,"minecraft:jungle_sapling":1,"minecraft:iron_pickaxe":1,"minecraft:minecart":5,"minecraft:raw_iron":31,"minecraft:stick":1,"born_in_chaos_v1:shattered_skull":2,"minecraft:copper_ingot":1,"minecraft:torch":12,"sophisticatedbackpacks:backpack":1,"tombstone:grave_dust":1,"born_in_chaos_v1:pieceofdarkmetal":3,"minecraft:arrow":3,"minecraft:rotten_flesh":4,"supplementaries:antique_ink":2,"supplementaries:ash":1,"undead_revamp2:arapholia":2,"minecraft:rail":17,"minecraft:cobblestone":28,"minecraft:furnace_minecart":1,"born_in_chaos_v1:corpse_maggot":5,"minecraft:cooked_beef":7,"minecraft:jungle_log":1,"minecraft:tuff":7,"supplementaries:flax_seeds":4,"minecraft:oak_log":1,"supplementaries:flute":1,"minecraft:gunpowder":8,"minecraft:lapis_lazuli":9,"minecraft:dirt":150,"minecraft:bone":10,"minecraft:bow":1,"minecraft:wheat_seeds":7,"minecraft:raw_gold":2,"gobber2:gobber2_globette":8,"minecraft:bamboo":4,"minecraft:iron_sword":1,"evenmoreinstruments:saxophone":1,"earthmobsmod:harder_flesh":2,"minecraft:grass_block":1,"minecraft:barrel":5,"minecraft:iron_hoe":1,"minecraft:slime_ball":1,"minecraft:diamond":2,"evenmoreinstruments:trombone":1},"minecraft:killed_by":{"minecraft:player":3}},"DataVersion":3465}