{"stats":{"minecraft:used":{"minecraft:shield":16,"simpletomb:grave_key":1,"minecraft:iron_chestplate":1,"minecraft:torch":12,"minecraft:dirt":53,"minecraft:axolotl_bucket":4,"minecraft:obsidian":9,"minecraft:iron_hoe":6,"minecraft:iron_axe":4,"easy_hammers:iron_hammer":99,"minecraft:furnace":1,"minecraft:minecart":3,"tombstone:gift":4,"minecraft:cooked_beef":47,"minecraft:orange_terracotta":2,"minecraft:iron_leggings":1,"minecraft:water_bucket":7,"minecraft:stone_pickaxe":10,"minecraft:ender_pearl":88,"minecraft:wooden_pickaxe":3,"minecraft:rail":4,"minecraft:crafting_table":2,"minecraft:oak_log":10,"minecraft:red_sandstone":3,"minecraft:iron_pickaxe":136,"minecraft:stone_axe":300,"minecraft:fishing_rod":7,"minecraft:bucket":2,"minecraft:oak_boat":1},"minecraft:killed":{"luminousworld:miner_zombie":1,"earthmobsmod:jumbo_rabbit":1,"born_in_chaos_v1:zombie_lumberjack":1,"minecraft:spider":2,"enemyexpansion:direwolf":5,"born_in_chaos_v1:maggot":1,"creeperoverhaul:bamboo_creeper":1,"minecraft:skeleton":6,"iceandfire:deathworm":1,"enemyexpansion:vampflyer":1,"minecraft:husk":5,"earthmobsmod:bouldering_zombie":1,"born_in_chaos_v1:baby_skeleton":1,"born_in_chaos_v1:spirit_guide_assistant":7,"undead_revamp2:the_moonflower":5,"enemyexpansion:sprinter":2,"minecraft:creeper":1,"born_in_chaos_v1:decrepit_skeleton":1,"undead_revamp2:theordure":1,"minecraft:pillager":1,"undead_revamp2:thesomnolence":2,"minecraft:zombie":7,"born_in_chaos_v1:dread_hound":2,"enemyexpansion:vampire":2,"born_in_chaos_v1:corpse_fly":2,"enemyexpansion:botfly":3},"minecraft:dropped":{"minecraft:water_bucket":2,"biomesoplenty:mahogany_log":1,"minecraft:iron_sword":1,"born_in_chaos_v1:shattered_skull":2,"minecraft:wheat_seeds":23,"minecraft:cooked_beef":9,"minecraft:oak_log":1,"minecraft:tnt":1,"minecraft:ender_pearl":2,"minecraft:minecart":4,"minecraft:red_sandstone":18,"evenmoreinstruments:saxophone":1,"minecraft:cookie":12,"minecraft:feather":1,"minecraft:cobblestone":11,"minecraft:copper_ingot":1,"born_in_chaos_v1:pieceofdarkmetal":3,"minecraft:rail":17,"minecraft:grass_block":2,"minecraft:coal":2,"minecraft:stick":22,"luminousworld:soawwhytb":1,"minecraft:dirt":105,"born_in_chaos_v1:black_argillite":3,"minecraft:torch":2,"minecraft:rabbit":2,"minecraft:rose_bush":1,"evenmoreinstruments:trombone":1,"minecraft:jungle_sapling":1,"minecraft:furnace_minecart":1,"minecraft:axolotl_bucket":2,"sophisticatedbackpacks:jukebox_upgrade":1,"undead_revamp2:blacpetalblock":2,"minecraft:iron_shovel":2,"minecraft:string":2,"minecraft:fishing_rod":1,"minecraft:dandelion":3,"minecraft:redstone_block":1,"minecraft:bone":5,"alexsmobs:animal_dictionary":1,"minecraft:cobbled_deepslate":2,"minecraft:light_gray_terracotta":9,"minecraft:cocoa_beans":3,"minecraft:chiseled_red_sandstone":5,"minecraft:tuff":7,"minecraft:obsidian":1,"undead_revamp2:arapholia":2,"minecraft:rotten_flesh":26,"minecraft:villager_spawn_egg":1,"minecraft:white_terracotta":7,"earthmobsmod:harder_flesh":2,"minecraft:red_terracotta":23,"minecraft:rabbit_foot":1,"minecraft:cut_red_sandstone":5,"supplementaries:antique_ink":2,"minecraft:flint_and_steel":1,"gobber2:gobber2_globette":8,"minecraft:poppy":15,"minecraft:rabbit_hide":2,"supplementaries:flax_seeds":4,"sophisticatedbackpacks:magnet_upgrade":1,"born_in_chaos_v1:corpse_maggot":9,"minecraft:jungle_log":1,"minecraft:redstone_torch":1,"minecraft:bamboo":2,"minecraft:spruce_log":2,"minecraft:red_sand":22,"minecraft:arrow":1,"biomesoplenty:mahogany_sapling":2,"minecraft:powered_rail":1,"minecraft:stone_pickaxe":1,"minecraft:wooden_pickaxe":1,"born_in_chaos_v1:marigolds":3,"supplementaries:flute":2,"minecraft:terracotta":6},"minecraft:mined":{"minecraft:tuff":1,"minecraft:deepslate_diamond_ore":2,"minecraft:black_terracotta":1,"minecraft:chiseled_red_sandstone":1,"born_in_chaos_v1:gnawed_bones":1,"minecraft:large_fern":1,"minecraft:red_sandstone":10,"biomesoplenty:orange_cosmos":1,"minecraft:iron_ore":10,"minecraft:fire":4,"minecraft:barrel":5,"minecraft:rail":4,"minecraft:deepslate_iron_ore":9,"minecraft:lantern":9,"minecraft:azalea":1,"minecraft:stone":28,"minecraft:bone_block":56,"minecraft:cyan_terracotta":1,"minecraft:dandelion":3,"minecraft:crafting_table":1,"minecraft:torch":4,"minecraft:poppy":9,"minecraft:rose_bush":2,"minecraft:tall_grass":2,"biomesoplenty:sprout":1,"minecraft:deepslate_gold_ore":2,"minecraft:sugar_cane":1,"minecraft:wall_torch":7,"supplementaries:urn":2,"biomesoplenty:glowworm_silk_strand":1,"gobber2:gobber2_lucky_block_deepslate":1,"minecraft:grass":28,"minecraft:oak_log":1,"minecraft:cocoa":1,"minecraft:sand":4,"minecraft:dirt":3,"minecraft:cut_red_sandstone":3,"minecraft:gold_ore":5,"minecraft:oak_leaves":2,"minecraft:deepslate":57,"minecraft:fern":47},"minecraft:broken":{"minecraft:stone_axe":4,"minecraft:iron_helmet":1},"minecraft:custom":{"minecraft:mob_kills":65,"minecraft:interact_with_crafting_table":29,"minecraft:damage_dealt_resisted":111,"minecraft:leave_game":2,"minecraft:time_since_death":6728,"minecraft:climb_one_cm":1160,"minecraft:sprint_one_cm":262880,"minecraft:walk_one_cm":328737,"minecraft:damage_blocked_by_shield":265,"minecraft:drop":205,"minecraft:damage_dealt_absorbed":24,"minecraft:play_time":152572,"minecraft:deaths":7,"minecraft:sneak_time":4072,"minecraft:walk_under_water_one_cm":36711,"minecraft:boat_one_cm":40,"minecraft:jump":1613,"minecraft:walk_on_water_one_cm":20246,"minecraft:total_world_time":152572,"minecraft:interact_with_furnace":17,"tombstone:raider_killed":1,"minecraft:time_since_rest":6317,"minecraft:damage_taken":6349,"minecraft:trigger_trapped_chest":2,"minecraft:damage_dealt":14396,"minecraft:swim_one_cm":34098,"minecraft:fly_one_cm":329987,"minecraft:player_kills":1,"minecraft:open_chest":7,"minecraft:crouch_one_cm":7907,"tombstone:undead_killed":41,"minecraft:fall_one_cm":40747},"minecraft:crafted":{"minecraft:oak_planks":144,"easy_hammers:iron_hammer":1,"minecraft:furnace":1,"minecraft:iron_boots":1,"minecraft:stone_pickaxe":1,"minecraft:crafting_table":1,"minecraft:wooden_pickaxe":1,"minecraft:iron_helmet":1,"minecraft:bone":6,"minecraft:stone_axe":6,"minecraft:oak_boat":1,"minecraft:shield":1,"minecraft:stick":64,"minecraft:iron_ingot":18,"minecraft:iron_leggings":1},"minecraft:picked_up":{"iceandfire:dragon_skull_lightning":1,"minecraft:cocoa_beans":3,"minecraft:iron_chestplate":1,"minecraft:crafting_table":1,"luminousworld:soawwhytb":1,"sophisticatedbackpacks:magnet_upgrade":3,"born_in_chaos_v1:black_argillite":3,"minecraft:string":6,"minecraft:iron_axe":2,"minecraft:iron_shovel":2,"minecraft:red_sand":22,"minecraft:cobbled_deepslate":299,"minecraft:rose_bush":1,"minecraft:poppy":15,"born_in_chaos_v1:gnawed_bones":1,"minecraft:jungle_sapling":1,"minecraft:iron_pickaxe":1,"minecraft:minecart":7,"minecraft:iron_boots":1,"minecraft:raw_iron":31,"minecraft:stick":3,"iceandfire:dragonbone":28,"born_in_chaos_v1:shattered_skull":2,"iceandfire:deathworm_chitin_red":6,"minecraft:copper_ingot":1,"minecraft:torch":13,"sophisticatedbackpacks:backpack":1,"tombstone:grave_dust":2,"born_in_chaos_v1:pieceofdarkmetal":3,"minecraft:rabbit_foot":1,"minecraft:arrow":5,"minecraft:rotten_flesh":25,"biomesoplenty:mahogany_sapling":2,"supplementaries:antique_ink":2,"minecraft:white_terracotta":7,"supplementaries:ash":1,"minecraft:bone_block":56,"undead_revamp2:arapholia":2,"minecraft:rail":20,"minecraft:cobblestone":84,"minecraft:furnace_minecart":1,"born_in_chaos_v1:corpse_maggot":9,"minecraft:feather":1,"minecraft:cooked_beef":7,"minecraft:glow_ink_sac":4,"minecraft:jungle_log":1,"paraglider:spirit_orb":4,"minecraft:tuff":7,"supplementaries:flax_seeds":4,"minecraft:oak_log":2,"supplementaries:flute":1,"minecraft:gunpowder":8,"minecraft:lapis_lazuli":9,"minecraft:dirt":156,"minecraft:lantern":9,"minecraft:orange_terracotta":2,"born_in_chaos_v1:marigolds":3,"minecraft:bone":24,"undead_revamp2:blacpetalblock":2,"minecraft:red_sandstone":19,"minecraft:bow":1,"minecraft:wheat_seeds":15,"minecraft:raw_gold":18,"minecraft:rabbit_hide":2,"minecraft:iron_ingot":1,"gobber2:gobber2_globette":8,"minecraft:rabbit":2,"minecraft:bamboo":4,"minecraft:iron_sword":1,"evenmoreinstruments:saxophone":1,"minecraft:dandelion":3,"earthmobsmod:harder_flesh":2,"minecraft:spruce_log":2,"minecraft:grass_block":1,"minecraft:red_terracotta":23,"minecraft:barrel":5,"minecraft:light_gray_terracotta":9,"minecraft:cut_red_sandstone":1,"minecraft:iron_hoe":1,"biomesoplenty:mahogany_log":1,"minecraft:slime_ball":1,"minecraft:diamond":2,"minecraft:chainmail_leggings":1,"minecraft:terracotta":6,"minecraft:chiseled_red_sandstone":4,"minecraft:coal":4,"evenmoreinstruments:trombone":1},"minecraft:killed_by":{"minecraft:player":4,"born_in_chaos_v1:spirit_guide":1}},"DataVersion":3465}