{"stats":{"minecraft:picked_up":{"evenmoreinstruments:saxophone":1,"born_in_chaos_v1:shattered_skull":2,"minecraft:torch":1,"supplementaries:flute":1,"born_in_chaos_v1:pieceofdarkmetal":3,"minecraft:bone":5,"minecraft:wheat_seeds":7,"supplementaries:ash":1,"evenmoreinstruments:trombone":1},"minecraft:used":{"minecraft:oak_log":9,"minecraft:water_bucket":7,"minecraft:ender_pearl":51,"minecraft:torch":1,"minecraft:fishing_rod":7,"minecraft:axolotl_bucket":2,"minecraft:obsidian":9},"minecraft:dropped":{"minecraft:water_bucket":2,"born_in_chaos_v1:shattered_skull":2,"minecraft:wheat_seeds":7,"minecraft:cooked_beef":1,"minecraft:torch":2,"alexsmobs:animal_dictionary":1,"minecraft:tnt":1,"minecraft:ender_pearl":1,"minecraft:obsidian":1,"evenmoreinstruments:trombone":1,"evenmoreinstruments:saxophone":1,"minecraft:redstone_torch":1,"minecraft:villager_spawn_egg":1,"minecraft:axolotl_bucket":2,"minecraft:powered_rail":1,"born_in_chaos_v1:pieceofdarkmetal":3,"minecraft:fishing_rod":1,"minecraft:rail":1,"minecraft:redstone_block":1,"minecraft:bone":5,"supplementaries:flute":2},"minecraft:killed":{"born_in_chaos_v1:dread_hound":1},"minecraft:custom":{"minecraft:time_since_rest":40888,"minecraft:sprint_one_cm":8978,"minecraft:damage_taken":150,"minecraft:walk_one_cm":22087,"minecraft:mob_kills":1,"minecraft:drop":32,"minecraft:damage_dealt":311,"minecraft:fly_one_cm":92611,"minecraft:crouch_one_cm":774,"minecraft:play_time":40888,"minecraft:sneak_time":989,"minecraft:walk_under_water_one_cm":28255,"minecraft:jump":75,"minecraft:damage_dealt_resisted":60,"minecraft:time_since_death":40888,"minecraft:walk_on_water_one_cm":8713,"minecraft:total_world_time":40888,"minecraft:climb_one_cm":141}},"DataVersion":3465}