{"stats":{"minecraft:picked_up":{"born_in_chaos_v1:shattered_skull":1,"minecraft:bone":5,"supplementaries:flute":1,"supplementaries:ash":1,"born_in_chaos_v1:pieceofdarkmetal":3,"evenmoreinstruments:trombone":1},"minecraft:dropped":{"minecraft:redstone_torch":1,"born_in_chaos_v1:pieceofdarkmetal":3,"minecraft:tnt":1,"evenmoreinstruments:trombone":1,"supplementaries:flute":1},"minecraft:custom":{"minecraft:time_since_rest":16888,"minecraft:crouch_one_cm":174,"minecraft:play_time":16888,"minecraft:sprint_one_cm":8919,"minecraft:walk_one_cm":15575,"minecraft:damage_taken":150,"minecraft:sneak_time":219,"minecraft:drop":7,"minecraft:damage_dealt_resisted":60,"minecraft:jump":49,"minecraft:damage_dealt":176,"minecraft:time_since_death":16888,"minecraft:total_world_time":16888,"minecraft:fly_one_cm":14871}},"DataVersion":3465}