{"stats":{"minecraft:picked_up":{"evenmoreinstruments:saxophone":1,"born_in_chaos_v1:shattered_skull":2,"minecraft:bone":5,"minecraft:wheat_seeds":7,"supplementaries:flute":1,"supplementaries:ash":1,"born_in_chaos_v1:pieceofdarkmetal":3,"evenmoreinstruments:trombone":1},"minecraft:used":{"minecraft:oak_log":9,"minecraft:water_bucket":7,"minecraft:ender_pearl":31,"minecraft:axolotl_bucket":2},"minecraft:dropped":{"minecraft:water_bucket":2,"minecraft:redstone_torch":1,"minecraft:villager_spawn_egg":1,"minecraft:axolotl_bucket":2,"born_in_chaos_v1:shattered_skull":2,"minecraft:wheat_seeds":7,"minecraft:powered_rail":1,"born_in_chaos_v1:pieceofdarkmetal":3,"alexsmobs:animal_dictionary":1,"minecraft:tnt":1,"minecraft:ender_pearl":1,"minecraft:rail":1,"minecraft:redstone_block":1,"evenmoreinstruments:trombone":1,"minecraft:bone":5,"supplementaries:flute":2,"evenmoreinstruments:saxophone":1},"minecraft:custom":{"minecraft:time_since_rest":28888,"minecraft:crouch_one_cm":553,"minecraft:play_time":28888,"minecraft:sprint_one_cm":8978,"minecraft:walk_one_cm":20446,"minecraft:damage_taken":150,"minecraft:sneak_time":729,"minecraft:walk_under_water_one_cm":10114,"minecraft:drop":27,"minecraft:damage_dealt_resisted":60,"minecraft:jump":68,"minecraft:damage_dealt":186,"minecraft:walk_on_water_one_cm":5509,"minecraft:time_since_death":28888,"minecraft:climb_one_cm":141,"minecraft:total_world_time":28888,"minecraft:fly_one_cm":68380}},"DataVersion":3465}