{"stats":{"minecraft:picked_up":{"evenmoreinstruments:saxophone":1,"minecraft:cocoa_beans":3,"born_in_chaos_v1:shattered_skull":2,"minecraft:jungle_log":1,"minecraft:torch":1,"minecraft:oak_log":1,"supplementaries:flute":1,"minecraft:grass_block":1,"born_in_chaos_v1:pieceofdarkmetal":3,"minecraft:dirt":1,"minecraft:bone":5,"minecraft:wheat_seeds":7,"minecraft:jungle_sapling":1,"supplementaries:ash":1,"minecraft:cobblestone":10,"evenmoreinstruments:trombone":1},"minecraft:used":{"minecraft:oak_log":10,"minecraft:water_bucket":7,"minecraft:stone_pickaxe":10,"minecraft:ender_pearl":88,"minecraft:wooden_pickaxe":3,"minecraft:torch":1,"minecraft:fishing_rod":7,"minecraft:crafting_table":1,"minecraft:cooked_beef":4,"minecraft:axolotl_bucket":2,"minecraft:obsidian":9},"minecraft:mined":{"minecraft:grass":1,"minecraft:cocoa":1,"minecraft:oak_log":1,"minecraft:stone":13},"minecraft:crafted":{"minecraft:oak_planks":144,"minecraft:crafting_table":1,"minecraft:stick":16,"minecraft:wooden_pickaxe":1,"minecraft:stone_pickaxe":1},"minecraft:dropped":{"minecraft:water_bucket":2,"minecraft:dirt":17,"born_in_chaos_v1:shattered_skull":2,"minecraft:wheat_seeds":16,"minecraft:cooked_beef":2,"minecraft:cocoa_beans":3,"minecraft:torch":2,"alexsmobs:animal_dictionary":1,"minecraft:tnt":1,"minecraft:ender_pearl":2,"minecraft:jungle_log":1,"minecraft:obsidian":1,"evenmoreinstruments:trombone":1,"evenmoreinstruments:saxophone":1,"minecraft:redstone_torch":1,"minecraft:jungle_sapling":1,"minecraft:villager_spawn_egg":1,"minecraft:axolotl_bucket":2,"minecraft:powered_rail":1,"minecraft:wooden_pickaxe":1,"born_in_chaos_v1:pieceofdarkmetal":3,"minecraft:fishing_rod":1,"minecraft:grass_block":2,"minecraft:rail":1,"minecraft:redstone_block":1,"minecraft:flint_and_steel":1,"minecraft:bone":5,"supplementaries:flute":2},"minecraft:killed":{"born_in_chaos_v1:dread_hound":1},"minecraft:custom":{"minecraft:time_since_rest":4933,"minecraft:sprint_one_cm":33513,"minecraft:damage_taken":860,"minecraft:walk_one_cm":41039,"minecraft:mob_kills":1,"minecraft:drop":51,"minecraft:damage_dealt":367,"minecraft:interact_with_crafting_table":5,"minecraft:fly_one_cm":145768,"minecraft:crouch_one_cm":842,"minecraft:play_time":52888,"minecraft:deaths":2,"minecraft:sneak_time":1084,"minecraft:walk_under_water_one_cm":28255,"minecraft:jump":237,"minecraft:damage_dealt_resisted":60,"minecraft:time_since_death":5243,"minecraft:walk_on_water_one_cm":8898,"minecraft:total_world_time":52888,"minecraft:climb_one_cm":590,"minecraft:fall_one_cm":4930},"minecraft:killed_by":{"minecraft:player":2}},"DataVersion":3465}