{"stats":{"minecraft:broken":{"minecraft:stone_axe":1},"minecraft:picked_up":{"born_in_chaos_v1:corpse_maggot":2,"minecraft:cocoa_beans":3,"minecraft:iron_chestplate":1,"minecraft:crafting_table":1,"minecraft:cooked_beef":7,"minecraft:jungle_log":1,"minecraft:oak_log":1,"supplementaries:flute":1,"minecraft:dirt":148,"minecraft:bone":8,"minecraft:wheat_seeds":7,"minecraft:jungle_sapling":1,"minecraft:iron_pickaxe":1,"minecraft:bamboo":4,"evenmoreinstruments:saxophone":1,"minecraft:raw_iron":7,"born_in_chaos_v1:shattered_skull":2,"minecraft:copper_ingot":1,"minecraft:torch":1,"sophisticatedbackpacks:backpack":1,"born_in_chaos_v1:pieceofdarkmetal":3,"minecraft:grass_block":1,"minecraft:slime_ball":1,"minecraft:arrow":2,"minecraft:rotten_flesh":2,"supplementaries:ash":1,"undead_revamp2:arapholia":2,"evenmoreinstruments:trombone":1,"minecraft:cobblestone":25},"minecraft:used":{"minecraft:water_bucket":7,"minecraft:stone_pickaxe":10,"minecraft:ender_pearl":88,"minecraft:wooden_pickaxe":3,"minecraft:iron_chestplate":1,"minecraft:torch":1,"minecraft:dirt":36,"minecraft:crafting_table":1,"minecraft:axolotl_bucket":2,"minecraft:obsidian":9,"minecraft:oak_log":10,"minecraft:iron_pickaxe":19,"minecraft:stone_axe":73,"minecraft:fishing_rod":7,"minecraft:furnace":1,"minecraft:cooked_beef":13},"minecraft:mined":{"minecraft:dandelion":2,"minecraft:crafting_table":1,"minecraft:iron_ore":7,"minecraft:grass":16,"minecraft:oak_log":1,"minecraft:cocoa":1,"minecraft:dirt":1,"minecraft:stone":25,"minecraft:fern":2},"minecraft:crafted":{"minecraft:oak_planks":144,"minecraft:crafting_table":1,"minecraft:wooden_pickaxe":1,"minecraft:furnace":1,"minecraft:stone_axe":2,"minecraft:stick":40,"minecraft:iron_ingot":7,"minecraft:stone_pickaxe":1},"minecraft:dropped":{"minecraft:water_bucket":2,"born_in_chaos_v1:shattered_skull":2,"minecraft:wheat_seeds":16,"minecraft:cooked_beef":9,"alexsmobs:animal_dictionary":1,"minecraft:tnt":1,"minecraft:cocoa_beans":3,"minecraft:ender_pearl":2,"minecraft:obsidian":1,"undead_revamp2:arapholia":2,"evenmoreinstruments:saxophone":1,"minecraft:rotten_flesh":2,"minecraft:villager_spawn_egg":1,"born_in_chaos_v1:pieceofdarkmetal":3,"minecraft:rail":1,"minecraft:grass_block":2,"minecraft:flint_and_steel":1,"minecraft:dirt":99,"minecraft:torch":2,"born_in_chaos_v1:corpse_maggot":2,"minecraft:jungle_log":1,"evenmoreinstruments:trombone":1,"minecraft:redstone_torch":1,"minecraft:jungle_sapling":1,"minecraft:bamboo":2,"minecraft:axolotl_bucket":2,"minecraft:powered_rail":1,"minecraft:stone_pickaxe":1,"minecraft:wooden_pickaxe":1,"minecraft:fishing_rod":1,"minecraft:redstone_block":1,"minecraft:bone":5,"supplementaries:flute":2},"minecraft:killed":{"born_in_chaos_v1:baby_skeleton":1,"undead_revamp2:the_moonflower":1,"enemyexpansion:direwolf":2,"creeperoverhaul:bamboo_creeper":1,"minecraft:skeleton":1,"born_in_chaos_v1:dread_hound":1,"enemyexpansion:vampire":2,"born_in_chaos_v1:corpse_fly":1},"minecraft:custom":{"minecraft:interact_with_furnace":8,"minecraft:mob_kills":12,"minecraft:interact_with_crafting_table":12,"minecraft:damage_dealt_resisted":60,"minecraft:leave_game":1,"minecraft:time_since_death":21267,"minecraft:climb_one_cm":714,"minecraft:time_since_rest":20957,"minecraft:sprint_one_cm":72307,"minecraft:walk_one_cm":78476,"minecraft:damage_taken":1638,"minecraft:drop":67,"minecraft:damage_dealt":2431,"minecraft:damage_dealt_absorbed":24,"minecraft:fly_one_cm":178775,"minecraft:crouch_one_cm":2924,"minecraft:sneak_time":1827,"minecraft:play_time":68912,"tombstone:undead_killed":5,"minecraft:deaths":2,"minecraft:walk_under_water_one_cm":28255,"minecraft:jump":497,"minecraft:walk_on_water_one_cm":9283,"minecraft:total_world_time":68912,"minecraft:fall_one_cm":12187},"minecraft:killed_by":{"minecraft:player":2}},"DataVersion":3465}