{"stats":{"minecraft:used":{"minecraft:water_bucket":7,"minecraft:stone_pickaxe":10,"minecraft:ender_pearl":88,"minecraft:wooden_pickaxe":3,"simpletomb:grave_key":1,"minecraft:iron_chestplate":1,"minecraft:torch":10,"minecraft:dirt":48,"minecraft:crafting_table":2,"minecraft:axolotl_bucket":3,"minecraft:obsidian":9,"minecraft:oak_log":10,"easy_hammers:iron_hammer":12,"minecraft:iron_pickaxe":49,"minecraft:stone_axe":137,"minecraft:fishing_rod":7,"minecraft:furnace":1,"minecraft:bucket":1,"tombstone:gift":2,"minecraft:cooked_beef":26,"minecraft:iron_leggings":1},"minecraft:killed":{"luminousworld:miner_zombie":1,"earthmobsmod:bouldering_zombie":1,"born_in_chaos_v1:baby_skeleton":1,"undead_revamp2:the_moonflower":1,"enemyexpansion:direwolf":3,"creeperoverhaul:bamboo_creeper":1,"minecraft:skeleton":3,"undead_revamp2:theordure":1,"undead_revamp2:thesomnolence":2,"born_in_chaos_v1:dread_hound":2,"enemyexpansion:vampire":2,"born_in_chaos_v1:corpse_fly":2,"enemyexpansion:botfly":3,"enemyexpansion:vampflyer":1},"minecraft:dropped":{"minecraft:water_bucket":2,"minecraft:iron_sword":1,"born_in_chaos_v1:shattered_skull":2,"minecraft:wheat_seeds":16,"minecraft:cooked_beef":9,"minecraft:cobbled_deepslate":2,"alexsmobs:animal_dictionary":1,"minecraft:tnt":1,"minecraft:cocoa_beans":3,"minecraft:ender_pearl":2,"minecraft:tuff":4,"minecraft:obsidian":1,"undead_revamp2:arapholia":2,"evenmoreinstruments:saxophone":1,"minecraft:rotten_flesh":2,"minecraft:villager_spawn_egg":1,"born_in_chaos_v1:pieceofdarkmetal":3,"minecraft:grass_block":2,"minecraft:rail":1,"minecraft:flint_and_steel":1,"minecraft:stick":22,"minecraft:dirt":99,"minecraft:torch":2,"minecraft:jungle_log":1,"born_in_chaos_v1:corpse_maggot":4,"evenmoreinstruments:trombone":1,"minecraft:jungle_sapling":1,"minecraft:redstone_torch":1,"minecraft:axolotl_bucket":2,"minecraft:bamboo":2,"minecraft:powered_rail":1,"minecraft:wooden_pickaxe":1,"minecraft:stone_pickaxe":1,"minecraft:fishing_rod":1,"minecraft:bone":5,"minecraft:redstone_block":1,"supplementaries:flute":2},"minecraft:mined":{"minecraft:tuff":1,"minecraft:deepslate_diamond_ore":2,"minecraft:dandelion":2,"minecraft:crafting_table":1,"minecraft:torch":3,"minecraft:deepslate_gold_ore":2,"born_in_chaos_v1:gnawed_bones":1,"minecraft:wall_torch":6,"biomesoplenty:glowworm_silk_strand":1,"minecraft:fire":4,"minecraft:iron_ore":8,"gobber2:gobber2_lucky_block_deepslate":1,"minecraft:deepslate_iron_ore":7,"minecraft:grass":17,"minecraft:cocoa":1,"minecraft:oak_log":1,"minecraft:dirt":1,"minecraft:azalea":1,"minecraft:stone":26,"minecraft:oak_leaves":1,"minecraft:deepslate":20,"minecraft:fern":2},"minecraft:broken":{"minecraft:stone_axe":2},"minecraft:custom":{"minecraft:interact_with_furnace":16,"minecraft:mob_kills":26,"minecraft:interact_with_crafting_table":21,"minecraft:damage_dealt_resisted":60,"minecraft:leave_game":1,"minecraft:time_since_death":4365,"minecraft:climb_one_cm":714,"minecraft:time_since_rest":4168,"minecraft:sprint_one_cm":128792,"minecraft:walk_one_cm":147152,"minecraft:damage_taken":3660,"minecraft:drop":77,"minecraft:damage_dealt":5248,"minecraft:damage_dealt_absorbed":24,"minecraft:fly_one_cm":226447,"minecraft:crouch_one_cm":3619,"minecraft:play_time":90455,"tombstone:undead_killed":11,"minecraft:deaths":4,"minecraft:sneak_time":2207,"minecraft:walk_under_water_one_cm":28255,"minecraft:jump":864,"minecraft:walk_on_water_one_cm":10110,"minecraft:total_world_time":90455,"minecraft:fall_one_cm":22647},"minecraft:crafted":{"easy_hammers:iron_hammer":1,"minecraft:oak_planks":144,"minecraft:crafting_table":1,"minecraft:iron_helmet":1,"minecraft:wooden_pickaxe":1,"minecraft:furnace":1,"minecraft:bone":6,"minecraft:stone_axe":2,"minecraft:iron_boots":1,"minecraft:stick":64,"minecraft:iron_ingot":18,"minecraft:stone_pickaxe":1,"minecraft:iron_leggings":1},"minecraft:picked_up":{"born_in_chaos_v1:corpse_maggot":4,"minecraft:cocoa_beans":3,"minecraft:crafting_table":1,"minecraft:iron_chestplate":1,"minecraft:cooked_beef":7,"minecraft:jungle_log":1,"minecraft:tuff":4,"minecraft:oak_log":1,"supplementaries:flute":1,"minecraft:gunpowder":4,"minecraft:lapis_lazuli":9,"minecraft:string":2,"minecraft:dirt":148,"minecraft:bone":8,"minecraft:bow":1,"minecraft:wheat_seeds":7,"minecraft:cobbled_deepslate":67,"minecraft:raw_gold":2,"born_in_chaos_v1:gnawed_bones":1,"minecraft:jungle_sapling":1,"minecraft:iron_pickaxe":1,"minecraft:bamboo":4,"minecraft:iron_sword":1,"evenmoreinstruments:saxophone":1,"minecraft:raw_iron":23,"born_in_chaos_v1:shattered_skull":2,"minecraft:copper_ingot":1,"minecraft:torch":11,"earthmobsmod:harder_flesh":2,"sophisticatedbackpacks:backpack":1,"tombstone:grave_dust":1,"minecraft:grass_block":1,"born_in_chaos_v1:pieceofdarkmetal":3,"minecraft:iron_hoe":1,"minecraft:arrow":2,"minecraft:rotten_flesh":2,"minecraft:slime_ball":1,"minecraft:diamond":2,"supplementaries:ash":1,"undead_revamp2:arapholia":2,"evenmoreinstruments:trombone":1,"minecraft:cobblestone":26},"minecraft:killed_by":{"minecraft:player":3}},"DataVersion":3465}