{"stats":{"minecraft:picked_up":{"minecraft:wheat_seeds":1},"minecraft:used":{"evenmoreinstruments:looper":2,"evenmoreinstruments:keyboard_stand":2,"evenmoreinstruments:keyboard":3,"magistuarmory:longbow":8,"magistuarmory:heavy_crossbow":2},"minecraft:custom":{"minecraft:jump":67,"minecraft:time_since_rest":8942,"minecraft:damage_taken":215,"minecraft:damage_dealt":10,"minecraft:crouch_one_cm":44,"minecraft:leave_game":2,"minecraft:sprint_one_cm":12768,"minecraft:play_time":15701,"minecraft:walk_one_cm":18060,"minecraft:time_since_death":9510,"minecraft:deaths":1,"minecraft:sneak_time":333,"minecraft:total_world_time":15701,"minecraft:climb_one_cm":32,"minecraft:fall_one_cm":1380,"minecraft:fly_one_cm":88427},"minecraft:killed_by":{"minecraft:zombie":1}},"DataVersion":3465}