{"stats":{"minecraft:picked_up":{"born_in_chaos_v1:fused_bone":2,"minecraft:allium":38,"evenmoreinstruments:saxophone":2,"evenmoreinstruments:record_writable":1,"minecraft:music_disc_stal":1,"supplementaries:flute":1,"minecraft:grass_block":2,"minecraft:redstone":1,"minecraft:dirt":80,"minecraft:arrow":3,"minecraft:bone":2,"minecraft:rotten_flesh":2,"farmersdelight:onion":19,"iceandfire:lectern":1,"minecraft:wheat_seeds":1,"alexsmobs:banana":1,"minecraft:birch_sapling":1,"magistuarmory:iron_heatershield":2,"minecraft:egg":1,"minecraft:cobblestone":4},"minecraft:used":{"evenmoreinstruments:koto":4,"minecraft:lava_bucket":14,"mutantmonsters:creeper_shard":3,"evenmoreinstruments:looper":2,"minecraft:iron_helmet":1,"mutantmonsters:endersoul_hand":18,"minecraft:zombie_spawn_egg":1,"evenmoreinstruments:keyboard":4,"minecraft:iron_chestplate":1,"alexscaves:hazmat_warning_block":2,"farmersdelight:onion":13,"minecraft:dirt":3,"magistuarmory:heavy_crossbow":2,"minecraft:bucket":11,"evenmoreinstruments:keyboard_stand":2,"magistuarmory:iron_pike":8,"magistuarmory:longbow":8,"ad_astra:tier_1_rover":1,"alexscaves:waste_drum":2,"alexscaves:hazmat_block":5},"minecraft:mined":{"farmersdelight:wild_onions":19,"minecraft:allium":1,"minecraft:grass":5,"iceandfire:lectern":1},"minecraft:crafted":{"minecraft:bone_meal":18},"minecraft:dropped":{"minecraft:dirt":67,"supplementaries:ash":1,"minecraft:zombie_spawn_egg":1,"iceandfire:siren_flute":1,"evenmoreinstruments:keyboard":1,"mutantmonsters:endersoul_hand":1,"magistuarmory:iron_heatershield":2,"evenmoreinstruments:violin_bow":1,"evenmoreinstruments:saxophone":2,"minecraft:cobblestone":4,"evenmoreinstruments:record_writable":1,"mutantmonsters:creeper_shard":1,"minecraft:music_disc_stal":1,"minecraft:grass_block":2,"minecraft:redstone":1},"minecraft:killed":{"minecraft:skeleton":1,"minecraft:cow":2},"minecraft:custom":{"minecraft:time_since_rest":6774,"minecraft:waystone_activated":1,"minecraft:sprint_one_cm":79139,"minecraft:damage_taken":815,"minecraft:walk_one_cm":77509,"minecraft:mob_kills":6,"minecraft:drop":21,"minecraft:damage_dealt":612,"minecraft:fly_one_cm":222316,"minecraft:player_kills":3,"minecraft:open_chest":5,"minecraft:crouch_one_cm":61,"tombstone:undead_killed":1,"minecraft:play_time":49897,"minecraft:deaths":3,"minecraft:sneak_time":670,"minecraft:jump":364,"minecraft:interact_with_blast_furnace":1,"minecraft:leave_game":5,"minecraft:time_since_death":6982,"minecraft:walk_on_water_one_cm":269,"minecraft:total_world_time":49897,"minecraft:climb_one_cm":367,"minecraft:fall_one_cm":7232},"minecraft:killed_by":{"enemyexpansion:direwolf":1,"minecraft:zombie":2}},"DataVersion":3465}