{"stats":{"minecraft:picked_up":{"evenmoreinstruments:saxophone":2,"evenmoreinstruments:record_writable":1,"minecraft:music_disc_stal":1,"supplementaries:flute":1,"minecraft:grass_block":2,"minecraft:redstone":1,"minecraft:dirt":80,"minecraft:arrow":2,"minecraft:bone":2,"minecraft:rotten_flesh":2,"minecraft:wheat_seeds":1,"alexsmobs:banana":1,"magistuarmory:iron_heatershield":2,"minecraft:egg":1,"minecraft:cobblestone":4},"minecraft:used":{"evenmoreinstruments:koto":4,"minecraft:lava_bucket":3,"mutantmonsters:creeper_shard":3,"evenmoreinstruments:looper":2,"mutantmonsters:endersoul_hand":18,"minecraft:zombie_spawn_egg":1,"evenmoreinstruments:keyboard":4,"alexscaves:hazmat_warning_block":2,"minecraft:dirt":3,"magistuarmory:heavy_crossbow":2,"evenmoreinstruments:keyboard_stand":2,"magistuarmory:iron_pike":8,"magistuarmory:longbow":8,"ad_astra:tier_1_rover":1,"alexscaves:waste_drum":2,"alexscaves:hazmat_block":5},"minecraft:dropped":{"minecraft:dirt":67,"minecraft:zombie_spawn_egg":1,"iceandfire:siren_flute":1,"evenmoreinstruments:keyboard":1,"mutantmonsters:endersoul_hand":1,"magistuarmory:iron_heatershield":2,"evenmoreinstruments:violin_bow":1,"evenmoreinstruments:saxophone":2,"minecraft:cobblestone":4,"evenmoreinstruments:record_writable":1,"mutantmonsters:creeper_shard":1,"minecraft:music_disc_stal":1,"minecraft:grass_block":2,"minecraft:redstone":1},"minecraft:killed":{"minecraft:cow":2},"minecraft:custom":{"minecraft:time_since_rest":33487,"minecraft:sprint_one_cm":19586,"minecraft:damage_taken":215,"minecraft:walk_one_cm":42587,"minecraft:mob_kills":3,"minecraft:drop":20,"minecraft:damage_dealt":310,"minecraft:fly_one_cm":185583,"minecraft:player_kills":3,"minecraft:crouch_one_cm":61,"minecraft:play_time":40246,"minecraft:deaths":1,"minecraft:sneak_time":664,"minecraft:jump":183,"minecraft:leave_game":4,"minecraft:time_since_death":34055,"minecraft:walk_on_water_one_cm":49,"minecraft:total_world_time":40246,"minecraft:climb_one_cm":68,"minecraft:fall_one_cm":1380},"minecraft:killed_by":{"minecraft:zombie":1}},"DataVersion":3465}