{"stats":{"minecraft:picked_up":{"evenmoreinstruments:saxophone":2,"minecraft:rotten_flesh":2,"minecraft:wheat_seeds":1,"minecraft:music_disc_stal":1,"supplementaries:flute":1,"minecraft:egg":1},"minecraft:used":{"alexscaves:hazmat_warning_block":2,"evenmoreinstruments:koto":4,"magistuarmory:heavy_crossbow":2,"evenmoreinstruments:keyboard_stand":2,"evenmoreinstruments:looper":2,"minecraft:zombie_spawn_egg":1,"magistuarmory:iron_pike":8,"evenmoreinstruments:keyboard":4,"magistuarmory:longbow":8,"alexscaves:waste_drum":2,"ad_astra:tier_1_rover":1,"alexscaves:hazmat_block":5},"minecraft:dropped":{"minecraft:music_disc_stal":1,"evenmoreinstruments:saxophone":2},"minecraft:killed":{"minecraft:cow":1},"minecraft:custom":{"minecraft:time_since_rest":23624,"minecraft:crouch_one_cm":44,"minecraft:play_time":30383,"minecraft:sprint_one_cm":16330,"minecraft:deaths":1,"minecraft:damage_taken":215,"minecraft:walk_one_cm":32109,"minecraft:sneak_time":501,"minecraft:mob_kills":2,"minecraft:drop":3,"minecraft:jump":144,"minecraft:damage_dealt":310,"minecraft:leave_game":3,"minecraft:walk_on_water_one_cm":49,"minecraft:time_since_death":24192,"minecraft:climb_one_cm":68,"minecraft:total_world_time":30383,"minecraft:fall_one_cm":1380,"minecraft:fly_one_cm":114618},"minecraft:killed_by":{"minecraft:zombie":1}},"DataVersion":3465}