{"stats":{"minecraft:used":{"minecraft:cooked_mutton":1,"minecraft:flint_and_steel":21,"minecraft:stone_pickaxe":6,"minecraft:iron_sword":48,"simpletomb:grave_key":1,"minecraft:cookie":2,"minecraft:crafting_table":1,"minecraft:tuff":1,"born_in_chaos_v1:monster_flesh":1,"minecraft:bread":24,"minecraft:iron_pickaxe":10,"easy_hammers:iron_hammer":92,"minecraft:wooden_sword":9,"minecraft:cobblestone":5,"minecraft:furnace":1,"tombstone:gift":1},"minecraft:killed":{"minecraft:husk":1,"earthmobsmod:bouldering_zombie":1,"undead_revamp2:thegliter":1,"undead_revamp2:the_moonflower":1,"undead_revamp2:thesmoker":1,"minecraft:slime":1,"minecraft:hoglin":1,"born_in_chaos_v1:decrepit_skeleton":1,"born_in_chaos_v1:maggot":2,"minecraft:skeleton":1,"minecraft:zombie":2},"minecraft:dropped":{"minecraft:acacia_log":1,"minecraft:cobblestone_stairs":4,"born_in_chaos_v1:monster_flesh":2,"minecraft:leather_chestplate":1,"supplementaries:ash":1,"biomesoplenty:wildflower":6,"minecraft:bone_block":56},"minecraft:mined":{"minecraft:tuff":6,"minecraft:cobblestone_stairs":1,"biomesoplenty:desert_grass":5,"minecraft:crafting_table":2,"biomesoplenty:bush":2,"gobber2:gobber2_ore_deepslate":2,"minecraft:polished_andesite_stairs":1,"minecraft:jungle_log":1,"iceandfire:lectern":1,"minecraft:cobblestone":5,"minecraft:deepslate_gold_ore":4,"biomesoplenty:dune_grass":12,"minecraft:spawner":2,"minecraft:hay_block":5,"minecraft:furnace":1,"minecraft:fire":7,"minecraft:grass":2,"minecraft:oak_log":2,"minecraft:deepslate_iron_ore":4,"minecraft:vine":1,"minecraft:stone":1,"minecraft:bone_block":30,"minecraft:player_head":1,"minecraft:gold_ore":2,"minecraft:deepslate":9},"minecraft:custom":{"minecraft:interact_with_furnace":55,"minecraft:mob_kills":17,"minecraft:interact_with_crafting_table":16,"minecraft:open_barrel":8,"minecraft:leave_game":3,"minecraft:time_since_death":2805,"minecraft:climb_one_cm":3596,"minecraft:time_since_rest":2691,"minecraft:sprint_one_cm":126326,"minecraft:damage_taken":2516,"minecraft:walk_one_cm":70027,"minecraft:drop":9,"minecraft:damage_dealt":2888,"minecraft:fly_one_cm":138763,"minecraft:open_chest":13,"minecraft:crouch_one_cm":670,"minecraft:play_time":45903,"tombstone:undead_killed":9,"minecraft:deaths":4,"minecraft:sneak_time":104,"minecraft:jump":719,"minecraft:walk_on_water_one_cm":575,"minecraft:total_world_time":45903,"minecraft:fall_one_cm":24000},"minecraft:crafted":{"minecraft:wooden_sword":1,"minecraft:oak_planks":8,"easy_hammers:iron_hammer":1,"minecraft:crafting_table":1,"minecraft:iron_helmet":1,"minecraft:furnace":1,"minecraft:bread":15,"minecraft:air":0,"minecraft:iron_chestplate":1,"minecraft:iron_boots":1,"minecraft:stick":4,"minecraft:iron_ingot":33,"minecraft:stone_pickaxe":1,"minecraft:iron_pickaxe":1,"minecraft:iron_leggings":1,"minecraft:wheat":45},"minecraft:picked_up":{"minecraft:leather_chestplate":1,"born_in_chaos_v1:corpse_maggot":3,"minecraft:crafting_table":2,"born_in_chaos_v1:monster_flesh":3,"minecraft:leather_leggings":1,"minecraft:leather":1,"minecraft:wooden_pickaxe":2,"paraglider:spirit_orb":6,"minecraft:tuff":21,"minecraft:oak_log":2,"minecraft:cobblestone_stairs":4,"minecraft:flint_and_steel":1,"minecraft:smooth_stone_slab":1,"minecraft:cooked_mutton":1,"minecraft:bone":7,"minecraft:cobbled_deepslate":42,"minecraft:raw_gold":6,"minecraft:iron_ingot":3,"minecraft:player_head":1,"gobber2:gobber2_globette":4,"biomesoplenty:wildflower":3,"minecraft:iron_sword":1,"minecraft:furnace":2,"minecraft:polished_andesite_stairs":2,"minecraft:stick":22,"minecraft:raw_iron":4,"minecraft:torch":1,"minecraft:acacia_log":1,"earthmobsmod:harder_flesh":1,"minecraft:cookie":5,"minecraft:mossy_cobblestone":1,"minecraft:rotten_flesh":7,"minecraft:slime_ball":7,"iceandfire:lectern":1,"minecraft:hay_block":5,"minecraft:bread":1,"supplementaries:ash":2,"minecraft:glow_berries":1,"minecraft:coal":9,"minecraft:bone_block":112,"minecraft:cobblestone":40},"minecraft:killed_by":{"undead_revamp2:therod":1,"minecraft:skeleton":2,"undead_revamp2:thepregnant":1}},"DataVersion":3465}