{"stats":{"minecraft:picked_up":{"born_in_chaos_v1:corpse_maggot":9,"minecraft:leather_chestplate":1,"minecraft:crafting_table":2,"born_in_chaos_v1:monster_flesh":3,"minecraft:leather_leggings":1,"minecraft:leather":1,"minecraft:wooden_pickaxe":2,"paraglider:spirit_orb":6,"minecraft:tuff":21,"minecraft:oak_log":2,"minecraft:cobblestone_stairs":4,"minecraft:cornflower":2,"minecraft:smooth_stone_slab":1,"minecraft:flint_and_steel":1,"minecraft:cooked_mutton":1,"minecraft:bone":7,"minecraft:cobbled_deepslate":42,"minecraft:raw_gold":6,"minecraft:beef":2,"minecraft:iron_ingot":3,"gobber2:gobber2_globette":4,"minecraft:player_head":1,"biomesoplenty:wildflower":3,"minecraft:sugar_cane":14,"minecraft:iron_sword":1,"minecraft:furnace":2,"minecraft:stick":22,"minecraft:polished_andesite_stairs":2,"minecraft:raw_iron":6,"minecraft:stone":1,"minecraft:torch":2,"minecraft:acacia_log":1,"earthmobsmod:harder_flesh":1,"minecraft:cookie":5,"tombstone:grave_dust":2,"minecraft:mossy_cobblestone":1,"minecraft:rotten_flesh":7,"minecraft:slime_ball":7,"iceandfire:lectern":1,"minecraft:hay_block":6,"minecraft:emerald":2,"minecraft:bread":1,"supplementaries:ash":2,"minecraft:glow_berries":1,"minecraft:coal":11,"minecraft:bone_block":112,"minecraft:cobblestone":40},"minecraft:custom":{"minecraft:interact_with_furnace":55,"minecraft:mob_kills":22,"minecraft:interact_with_crafting_table":16,"minecraft:open_barrel":8,"minecraft:leave_game":4,"minecraft:time_since_death":601,"minecraft:climb_one_cm":3832,"minecraft:time_since_rest":527,"minecraft:sprint_one_cm":176279,"minecraft:damage_taken":3586,"minecraft:walk_one_cm":87171,"minecraft:drop":16,"minecraft:damage_dealt":4286,"minecraft:swim_one_cm":1853,"minecraft:fly_one_cm":202888,"minecraft:open_chest":13,"minecraft:crouch_one_cm":732,"minecraft:play_time":55801,"tombstone:undead_killed":12,"minecraft:deaths":8,"minecraft:sneak_time":183,"minecraft:walk_under_water_one_cm":222,"minecraft:jump":960,"minecraft:walk_on_water_one_cm":3326,"minecraft:total_world_time":55801,"minecraft:fall_one_cm":35511},"minecraft:killed_by":{"undead_revamp2:the_moonflower":1,"undead_revamp2:therod":1,"born_in_chaos_v1:nightmare_stalker":1,"minecraft:skeleton":2,"undead_revamp2:thepregnant":1,"iceandfire:fire_dragon":1},"minecraft:used":{"minecraft:cooked_mutton":1,"minecraft:flint_and_steel":21,"minecraft:stone_pickaxe":6,"minecraft:iron_sword":80,"simpletomb:grave_key":2,"minecraft:cookie":5,"minecraft:crafting_table":1,"minecraft:tuff":1,"born_in_chaos_v1:monster_flesh":1,"minecraft:bread":26,"minecraft:iron_pickaxe":10,"easy_hammers:iron_hammer":93,"minecraft:wooden_sword":9,"minecraft:cobblestone":5,"minecraft:furnace":1,"tombstone:gift":1},"minecraft:crafted":{"minecraft:wooden_sword":1,"minecraft:oak_planks":8,"easy_hammers:iron_hammer":1,"minecraft:crafting_table":1,"minecraft:iron_helmet":1,"minecraft:furnace":1,"minecraft:bread":18,"minecraft:air":0,"minecraft:iron_chestplate":1,"minecraft:iron_boots":1,"minecraft:stick":4,"minecraft:stone_pickaxe":1,"minecraft:iron_ingot":33,"minecraft:iron_pickaxe":1,"minecraft:iron_leggings":1,"minecraft:wheat":54},"minecraft:dropped":{"minecraft:sugar_cane":7,"minecraft:acacia_log":1,"minecraft:cobblestone_stairs":4,"born_in_chaos_v1:monster_flesh":2,"minecraft:leather_chestplate":1,"supplementaries:ash":8,"minecraft:stone":1,"minecraft:torch":1,"born_in_chaos_v1:corpse_maggot":6,"biomesoplenty:wildflower":6,"tombstone:grave_dust":1,"minecraft:bone_block":56},"minecraft:mined":{"minecraft:tuff":6,"minecraft:cobblestone_stairs":1,"biomesoplenty:desert_grass":5,"minecraft:crafting_table":2,"minecraft:cornflower":1,"biomesoplenty:bush":2,"gobber2:gobber2_ore_deepslate":2,"minecraft:polished_andesite_stairs":1,"minecraft:jungle_log":1,"iceandfire:lectern":1,"minecraft:cobblestone":5,"minecraft:deepslate_gold_ore":4,"minecraft:sugar_cane":3,"biomesoplenty:dune_grass":12,"minecraft:spawner":2,"minecraft:hay_block":6,"minecraft:furnace":1,"minecraft:fire":7,"minecraft:peony":1,"minecraft:grass":3,"minecraft:oak_log":2,"minecraft:deepslate_iron_ore":4,"minecraft:vine":1,"minecraft:stone":1,"minecraft:bone_block":30,"minecraft:gold_ore":2,"minecraft:player_head":1,"minecraft:deepslate":9},"minecraft:killed":{"minecraft:husk":1,"earthmobsmod:bouldering_zombie":1,"undead_revamp2:thegliter":1,"born_in_chaos_v1:baby_skeleton":1,"undead_revamp2:the_moonflower":1,"undead_revamp2:thesmoker":1,"minecraft:slime":1,"minecraft:hoglin":1,"born_in_chaos_v1:decrepit_skeleton":1,"born_in_chaos_v1:maggot":2,"minecraft:skeleton":1,"enemyexpansion:meature":1,"endermanoverhaul:cave_enderman":1,"minecraft:zombie":3,"minecraft:cow":1}},"DataVersion":3465}