{"stats":{"minecraft:used":{"minecraft:cooked_mutton":1,"born_in_chaos_v1:monster_flesh":1,"minecraft:bread":4,"minecraft:stone_pickaxe":6,"minecraft:wooden_sword":9,"minecraft:cobblestone":5,"minecraft:crafting_table":1,"minecraft:furnace":1},"minecraft:killed":{"earthmobsmod:bouldering_zombie":1,"minecraft:slime":1},"minecraft:dropped":{"born_in_chaos_v1:monster_flesh":2},"minecraft:mined":{"minecraft:hay_block":5,"minecraft:fire":4,"minecraft:crafting_table":1,"minecraft:grass":2,"minecraft:deepslate_iron_ore":4,"minecraft:oak_log":2,"minecraft:vine":1,"minecraft:jungle_log":1,"iceandfire:lectern":1,"minecraft:deepslate":2},"minecraft:custom":{"minecraft:time_since_rest":11503,"minecraft:interact_with_furnace":10,"minecraft:sprint_one_cm":29642,"minecraft:damage_taken":390,"minecraft:walk_one_cm":19499,"minecraft:mob_kills":2,"minecraft:drop":2,"minecraft:damage_dealt":307,"minecraft:interact_with_crafting_table":7,"minecraft:fly_one_cm":18467,"minecraft:open_chest":2,"minecraft:crouch_one_cm":518,"minecraft:play_time":11503,"tombstone:undead_killed":1,"minecraft:sneak_time":46,"minecraft:jump":99,"minecraft:leave_game":1,"minecraft:time_since_death":11503,"minecraft:total_world_time":11503,"minecraft:climb_one_cm":1515,"minecraft:fall_one_cm":3601},"minecraft:crafted":{"minecraft:wooden_sword":1,"minecraft:oak_planks":8,"minecraft:crafting_table":1,"minecraft:stick":4,"minecraft:iron_ingot":5,"minecraft:iron_pickaxe":1,"minecraft:stone_pickaxe":1,"minecraft:furnace":1,"minecraft:air":0,"minecraft:bread":15,"minecraft:wheat":45},"minecraft:picked_up":{"minecraft:raw_iron":4,"minecraft:stick":22,"minecraft:crafting_table":1,"born_in_chaos_v1:monster_flesh":3,"minecraft:wooden_pickaxe":2,"earthmobsmod:harder_flesh":1,"minecraft:oak_log":2,"minecraft:cooked_mutton":1,"minecraft:rotten_flesh":2,"minecraft:slime_ball":1,"iceandfire:lectern":1,"minecraft:cobbled_deepslate":2,"minecraft:hay_block":5,"minecraft:bread":1,"minecraft:iron_sword":1}},"DataVersion":3465}