{"stats":{"minecraft:used":{"minecraft:cooked_mutton":1,"minecraft:stone_pickaxe":6,"minecraft:iron_sword":12,"minecraft:crafting_table":1,"minecraft:tuff":1,"born_in_chaos_v1:monster_flesh":1,"minecraft:bread":6,"minecraft:iron_pickaxe":3,"easy_hammers:iron_hammer":13,"minecraft:wooden_sword":9,"minecraft:cobblestone":5,"minecraft:furnace":1},"minecraft:killed":{"earthmobsmod:bouldering_zombie":1,"undead_revamp2:thegliter":1,"undead_revamp2:the_moonflower":1,"minecraft:slime":1},"minecraft:dropped":{"born_in_chaos_v1:monster_flesh":2,"supplementaries:ash":1},"minecraft:mined":{"minecraft:tuff":6,"minecraft:crafting_table":2,"gobber2:gobber2_ore_deepslate":2,"minecraft:jungle_log":1,"iceandfire:lectern":1,"minecraft:hay_block":5,"minecraft:furnace":1,"minecraft:fire":4,"minecraft:grass":2,"minecraft:oak_log":2,"minecraft:deepslate_iron_ore":4,"minecraft:vine":1,"minecraft:stone":1,"minecraft:deepslate":8},"minecraft:custom":{"minecraft:interact_with_furnace":55,"minecraft:mob_kills":4,"minecraft:interact_with_crafting_table":16,"minecraft:open_barrel":6,"minecraft:leave_game":1,"minecraft:time_since_death":10121,"minecraft:climb_one_cm":1515,"minecraft:time_since_rest":9381,"minecraft:sprint_one_cm":49228,"minecraft:damage_taken":718,"minecraft:walk_one_cm":34480,"minecraft:drop":3,"minecraft:damage_dealt":844,"minecraft:fly_one_cm":46876,"minecraft:open_chest":3,"minecraft:crouch_one_cm":668,"minecraft:play_time":23503,"tombstone:undead_killed":3,"minecraft:deaths":1,"minecraft:sneak_time":77,"minecraft:jump":248,"minecraft:total_world_time":23503,"minecraft:fall_one_cm":7810},"minecraft:crafted":{"minecraft:wooden_sword":1,"minecraft:oak_planks":8,"easy_hammers:iron_hammer":1,"minecraft:crafting_table":1,"minecraft:iron_helmet":1,"minecraft:furnace":1,"minecraft:bread":15,"minecraft:air":0,"minecraft:iron_boots":1,"minecraft:iron_chestplate":1,"minecraft:stick":4,"minecraft:iron_ingot":33,"minecraft:iron_pickaxe":1,"minecraft:stone_pickaxe":1,"minecraft:iron_leggings":1,"minecraft:wheat":45},"minecraft:picked_up":{"born_in_chaos_v1:corpse_maggot":2,"minecraft:crafting_table":2,"born_in_chaos_v1:monster_flesh":3,"minecraft:wooden_pickaxe":2,"minecraft:tuff":21,"minecraft:oak_log":2,"minecraft:cooked_mutton":1,"minecraft:cobbled_deepslate":41,"minecraft:iron_ingot":2,"gobber2:gobber2_globette":4,"minecraft:iron_sword":1,"minecraft:furnace":2,"minecraft:stick":22,"minecraft:raw_iron":4,"minecraft:torch":1,"earthmobsmod:harder_flesh":1,"minecraft:rotten_flesh":4,"minecraft:slime_ball":1,"iceandfire:lectern":1,"minecraft:hay_block":5,"minecraft:bread":1,"supplementaries:ash":1,"minecraft:glow_berries":1,"minecraft:coal":9,"minecraft:cobblestone":1},"minecraft:killed_by":{"undead_revamp2:therod":1}},"DataVersion":3465}