{"stats":{"minecraft:used":{"minecraft:cooked_mutton":1,"minecraft:stone_pickaxe":6,"minecraft:iron_sword":40,"simpletomb:grave_key":1,"minecraft:crafting_table":1,"minecraft:tuff":1,"born_in_chaos_v1:monster_flesh":1,"minecraft:bread":15,"minecraft:iron_pickaxe":10,"easy_hammers:iron_hammer":63,"minecraft:wooden_sword":9,"minecraft:cobblestone":5,"minecraft:furnace":1},"minecraft:killed":{"earthmobsmod:bouldering_zombie":1,"undead_revamp2:thegliter":1,"undead_revamp2:the_moonflower":1,"minecraft:slime":1,"born_in_chaos_v1:maggot":1,"minecraft:zombie":2},"minecraft:dropped":{"born_in_chaos_v1:monster_flesh":2,"supplementaries:ash":1,"biomesoplenty:wildflower":3},"minecraft:mined":{"minecraft:tuff":6,"minecraft:cobblestone_stairs":1,"biomesoplenty:desert_grass":5,"minecraft:crafting_table":2,"biomesoplenty:bush":2,"minecraft:polished_andesite_stairs":1,"gobber2:gobber2_ore_deepslate":2,"minecraft:jungle_log":1,"iceandfire:lectern":1,"minecraft:cobblestone":5,"minecraft:deepslate_gold_ore":4,"biomesoplenty:dune_grass":12,"minecraft:spawner":1,"minecraft:hay_block":5,"minecraft:furnace":1,"minecraft:fire":4,"minecraft:grass":2,"minecraft:oak_log":2,"minecraft:deepslate_iron_ore":4,"minecraft:vine":1,"minecraft:stone":1,"minecraft:bone_block":30,"minecraft:gold_ore":2,"minecraft:deepslate":9},"minecraft:custom":{"minecraft:interact_with_furnace":55,"minecraft:mob_kills":11,"minecraft:interact_with_crafting_table":16,"minecraft:open_barrel":6,"minecraft:leave_game":2,"minecraft:time_since_death":6589,"minecraft:climb_one_cm":1515,"minecraft:time_since_rest":6531,"minecraft:sprint_one_cm":87619,"minecraft:damage_taken":1363,"minecraft:walk_one_cm":52410,"minecraft:drop":4,"minecraft:damage_dealt":1723,"minecraft:fly_one_cm":88641,"minecraft:open_chest":6,"minecraft:crouch_one_cm":668,"minecraft:play_time":33529,"tombstone:undead_killed":5,"minecraft:deaths":2,"minecraft:sneak_time":90,"minecraft:jump":456,"minecraft:walk_on_water_one_cm":575,"minecraft:total_world_time":33529,"minecraft:fall_one_cm":13398},"minecraft:crafted":{"minecraft:wooden_sword":1,"minecraft:oak_planks":8,"easy_hammers:iron_hammer":1,"minecraft:crafting_table":1,"minecraft:iron_helmet":1,"minecraft:furnace":1,"minecraft:bread":15,"minecraft:air":0,"minecraft:iron_boots":1,"minecraft:iron_chestplate":1,"minecraft:stick":4,"minecraft:iron_ingot":33,"minecraft:iron_pickaxe":1,"minecraft:stone_pickaxe":1,"minecraft:iron_leggings":1,"minecraft:wheat":45},"minecraft:picked_up":{"born_in_chaos_v1:corpse_maggot":2,"minecraft:crafting_table":2,"born_in_chaos_v1:monster_flesh":3,"minecraft:wooden_pickaxe":2,"paraglider:spirit_orb":4,"minecraft:tuff":21,"minecraft:oak_log":2,"minecraft:cobblestone_stairs":3,"minecraft:smooth_stone_slab":1,"minecraft:cooked_mutton":1,"minecraft:bone":2,"minecraft:cobbled_deepslate":42,"minecraft:raw_gold":6,"minecraft:iron_ingot":2,"gobber2:gobber2_globette":4,"biomesoplenty:wildflower":3,"minecraft:iron_sword":1,"minecraft:furnace":2,"minecraft:polished_andesite_stairs":2,"minecraft:stick":22,"minecraft:raw_iron":4,"minecraft:torch":1,"minecraft:acacia_log":1,"earthmobsmod:harder_flesh":1,"minecraft:mossy_cobblestone":1,"minecraft:rotten_flesh":7,"minecraft:slime_ball":7,"iceandfire:lectern":1,"minecraft:hay_block":5,"minecraft:bread":1,"supplementaries:ash":1,"minecraft:glow_berries":1,"minecraft:coal":9,"minecraft:bone_block":56,"minecraft:cobblestone":40},"minecraft:killed_by":{"undead_revamp2:therod":1,"undead_revamp2:thepregnant":1}},"DataVersion":3465}