{"stats":{"minecraft:picked_up":{"minecraft:iron_chestplate":1,"minecraft:crafting_table":2,"minecraft:wheat":2,"minecraft:chicken":4,"minecraft:ladder":3,"minecraft:leather_leggings":2,"minecraft:wooden_pickaxe":2,"minecraft:cornflower":3,"minecraft:flint_and_steel":1,"minecraft:smooth_stone_slab":2,"minecraft:cobbled_deepslate":42,"minecraft:beef":16,"regions_unexplored:maple_leaf_pile":3,"minecraft:player_head":1,"minecraft:melon_slice":6,"biomesoplenty:wildflower":3,"minecraft:sugar_cane":21,"minecraft:furnace":2,"minecraft:raw_iron":6,"minecraft:stick":22,"minecraft:stone":1,"minecraft:torch":2,"minecraft:acacia_log":1,"minecraft:cookie":5,"tombstone:grave_dust":2,"born_in_chaos_v1:nightmare_claw":1,"minecraft:dark_oak_planks":1,"gobber2:gobber2_foo":1,"minecraft:rotten_flesh":9,"minecraft:hay_block":13,"supplementaries:ash":2,"minecraft:glow_berries":1,"minecraft:cobblestone":49,"minecraft:bone_block":112,"biomesoplenty:lavender":2,"born_in_chaos_v1:corpse_maggot":13,"minecraft:leather_chestplate":1,"minecraft:feather":5,"born_in_chaos_v1:monster_flesh":5,"minecraft:leather":10,"paraglider:spirit_orb":6,"minecraft:tuff":21,"minecraft:oak_log":2,"minecraft:yellow_bed":3,"minecraft:cobblestone_stairs":4,"born_in_chaos_v1:monster_skin":3,"minecraft:cooked_mutton":1,"minecraft:bone":7,"gobber2:gobber2_gooey_beef":1,"minecraft:wheat_seeds":5,"minecraft:raw_gold":12,"minecraft:iron_ingot":3,"gobber2:gobber2_globette":4,"minecraft:iron_sword":1,"gobber2:gobber2_gooey_bread":1,"minecraft:polished_andesite_stairs":2,"born_in_chaos_v1:ethereal_spirit":1,"earthmobsmod:harder_flesh":1,"minecraft:spider_eye":1,"minecraft:mossy_cobblestone":3,"minecraft:bundle":1,"minecraft:slime_ball":8,"iceandfire:lectern":1,"minecraft:painting":3,"minecraft:bread":1,"minecraft:emerald":2,"minecraft:coal":11,"gobber2:gobber2_goo":2},"minecraft:custom":{"minecraft:mob_kills":35,"minecraft:interact_with_crafting_table":16,"minecraft:open_barrel":8,"minecraft:leave_game":4,"minecraft:time_since_death":580,"minecraft:climb_one_cm":23909,"minecraft:sprint_one_cm":293630,"minecraft:walk_one_cm":134889,"minecraft:drop":36,"minecraft:play_time":79801,"minecraft:sneak_time":223,"minecraft:deaths":12,"minecraft:walk_under_water_one_cm":1009,"minecraft:jump":1839,"minecraft:walk_on_water_one_cm":4586,"minecraft:total_world_time":79801,"minecraft:interact_with_furnace":56,"minecraft:interact_with_stonecutter":1,"minecraft:sleep_in_bed":1,"minecraft:time_since_rest":470,"minecraft:damage_taken":6359,"minecraft:damage_dealt":6440,"minecraft:swim_one_cm":11018,"minecraft:fly_one_cm":447154,"minecraft:open_chest":20,"minecraft:crouch_one_cm":776,"tombstone:undead_killed":15,"minecraft:fall_one_cm":80957},"minecraft:killed_by":{"undead_revamp2:the_moonflower":1,"born_in_chaos_v1:nightmare_stalker":2,"minecraft:spider":1,"undead_revamp2:therod":1,"minecraft:skeleton":2,"undead_revamp2:thepregnant":1,"iceandfire:fire_dragon":1},"minecraft:used":{"minecraft:flint_and_steel":21,"gobber2:gobber2_gooey_bread":1,"minecraft:iron_sword":154,"simpletomb:grave_key":2,"minecraft:tuff":1,"easy_hammers:iron_hammer":99,"minecraft:furnace":1,"tombstone:gift":1,"minecraft:cooked_mutton":1,"minecraft:stone_pickaxe":7,"minecraft:cookie":5,"minecraft:crafting_table":1,"born_in_chaos_v1:monster_flesh":1,"minecraft:bread":33,"minecraft:map":1,"minecraft:iron_pickaxe":10,"minecraft:wooden_sword":9,"minecraft:cobblestone":7,"minecraft:yellow_bed":3},"minecraft:crafted":{"minecraft:wooden_sword":1,"easy_hammers:iron_hammer":1,"minecraft:oak_planks":8,"minecraft:furnace":1,"minecraft:iron_boots":1,"minecraft:stone_pickaxe":1,"minecraft:wheat":117,"minecraft:crafting_table":1,"minecraft:iron_helmet":1,"minecraft:bread":39,"minecraft:air":0,"minecraft:iron_chestplate":1,"minecraft:stick":4,"minecraft:iron_ingot":33,"minecraft:iron_pickaxe":1,"minecraft:iron_leggings":1},"minecraft:dropped":{"minecraft:mossy_cobblestone":1,"biomesoplenty:lavender":2,"minecraft:acacia_log":1,"minecraft:cobblestone_stairs":4,"born_in_chaos_v1:monster_flesh":2,"mca:book_romance":1,"minecraft:torch":1,"minecraft:cornflower":2,"tombstone:grave_dust":1,"minecraft:bone_block":56,"minecraft:sugar_cane":14,"alexsmobs:animal_dictionary":1,"minecraft:smooth_stone_slab":2,"gobber2:gobber2_globette":4,"minecraft:leather_chestplate":1,"supplementaries:ash":8,"minecraft:stone":1,"born_in_chaos_v1:corpse_maggot":12,"biomesoplenty:wildflower":6,"minecraft:leather_leggings":2,"minecraft:stone_pickaxe":1,"minecraft:raw_gold":6,"iceandfire:manuscript":1},"minecraft:mined":{"minecraft:dark_oak_planks":1,"minecraft:tuff":6,"minecraft:cobblestone_stairs":1,"biomesoplenty:desert_grass":5,"minecraft:ladder":1,"biomesoplenty:bush":2,"gobber2:gobber2_ore_deepslate":2,"gobber2:gobber2_lucky_block":2,"minecraft:jungle_log":1,"iceandfire:lectern":1,"biomesoplenty:dune_grass":12,"minecraft:spawner":2,"minecraft:hay_block":13,"minecraft:furnace":1,"minecraft:fire":7,"regions_unexplored:mossy_stone":1,"minecraft:peony":1,"minecraft:vine":1,"minecraft:deepslate_iron_ore":4,"regions_unexplored:maple_leaf_pile":1,"regions_unexplored:apple_oak_leaves":1,"regions_unexplored:medium_grass":1,"minecraft:stone":1,"minecraft:bone_block":30,"minecraft:player_head":1,"minecraft:acacia_leaves":1,"minecraft:crafting_table":2,"minecraft:cornflower":1,"minecraft:melon":1,"minecraft:polished_andesite_stairs":1,"minecraft:tall_grass":6,"minecraft:cobblestone":5,"minecraft:deepslate_gold_ore":4,"minecraft:sugar_cane":3,"minecraft:wheat":2,"minecraft:yellow_bed":3,"regions_unexplored:red_maple_leaf_pile":1,"minecraft:grass":11,"minecraft:oak_log":2,"minecraft:gold_ore":2,"minecraft:deepslate":9},"minecraft:killed":{"earthmobsmod:hyper_rabbit":1,"undead_revamp2:thegliter":1,"minecraft:spider":1,"undead_revamp2:thesmoker":1,"minecraft:slime":1,"born_in_chaos_v1:maggot":2,"minecraft:skeleton":1,"minecraft:husk":1,"earthmobsmod:bouldering_zombie":1,"born_in_chaos_v1:baby_skeleton":2,"undead_revamp2:the_moonflower":3,"minecraft:hoglin":1,"earthmobsmod:wooly_cow":2,"born_in_chaos_v1:decrepit_skeleton":1,"enemyexpansion:meature":1,"minecraft:zombie":3,"endermanoverhaul:cave_enderman":1,"born_in_chaos_v1:corpse_fly":1,"born_in_chaos_v1:nightmare_stalker":1,"minecraft:cow":5}},"DataVersion":3465}