{"stats":{"minecraft:used":{"gobber2:gobber2_goo":5,"minecraft:flint_and_steel":8,"gobber2:gobber2_gooey_bread":4,"minecraft:shield":37,"minecraft:iron_sword":183,"minecraft:stick":1,"simpletomb:grave_key":1,"minecraft:lava_bucket":15,"minecraft:wooden_axe":19,"minecraft:iron_axe":168,"easy_hammers:iron_hammer":33,"friendsandfoes:totem_of_freezing":1,"gobber2:gobber2_gooey_beef":3,"gobber2:gobber2_sword":7,"minecraft:furnace":4,"minecraft:cooked_beef":1,"tombstone:gift":5,"minecraft:cobbled_deepslate":49,"minecraft:cooked_mutton":6,"tombstone:scroll_of_knowledge":5,"minecraft:stone_pickaxe":22,"minecraft:oak_planks":2,"minecraft:wooden_pickaxe":31,"minecraft:crafting_table":10,"mowziesmobs:wrought_axe":36,"minecraft:diamond_pickaxe":46,"minecraft:bread":48,"born_in_chaos_v1:monster_flesh":1,"minecraft:iron_pickaxe":142,"tombstone:grave_key":1,"minecraft:diamond_sword":75,"minecraft:cobblestone":7,"minecraft:cooked_porkchop":5,"minecraft:bucket":18,"born_in_chaos_v1:wood_splitter_axe":130,"minecraft:experience_bottle":1},"minecraft:broken":{"minecraft:iron_boots":1,"minecraft:iron_chestplate":1,"minecraft:iron_leggings":1,"minecraft:iron_helmet":1},"minecraft:crafted":{"hangglider:glider_framework":1,"easy_hammers:iron_hammer":1,"minecraft:oak_planks":90,"gobber2:gobber2_leggings":1,"hangglider:hang_glider":1,"minecraft:furnace":2,"gobber2:gobber2_chestplate":1,"hangglider:glider_wing":2,"gobber2:gobber2_helmet":1,"minecraft:cooked_mutton":6,"quark:dark_oak_chest":1,"minecraft:iron_boots":1,"minecraft:leather":15,"minecraft:iron_axe":2,"gobber2:gobber2_boots":1,"minecraft:stone_pickaxe":1,"minecraft:dark_oak_planks":12,"sophisticatedbackpacks:iron_backpack":1,"minecraft:wheat":99,"gobber2:gobber2_sword":1,"sophisticatedbackpacks:backpack":1,"minecraft:crafting_table":3,"minecraft:wooden_pickaxe":1,"minecraft:iron_helmet":1,"minecraft:iron_sword":1,"sophisticatedbackpacks:gold_backpack":1,"minecraft:gold_block":3,"minecraft:bucket":1,"minecraft:stone_axe":1,"minecraft:bread":32,"minecraft:iron_chestplate":1,"minecraft:golden_leggings":1,"minecraft:shield":1,"sophisticatedbackpacks:diamond_backpack":1,"quark:oak_chest":1,"minecraft:stick":28,"minecraft:iron_ingot":54,"minecraft:iron_pickaxe":1,"minecraft:wooden_axe":1,"minecraft:iron_block":7,"minecraft:iron_leggings":1},"minecraft:mined":{"minecraft:dark_oak_planks":1,"minecraft:white_bed":1,"iceandfire:silver_ore":2,"biomesoplenty:desert_grass":1,"minecraft:red_nether_bricks":3,"born_in_chaos_v1:infected_diamond_ore":1,"minecraft:spruce_fence":1,"gobber2:gobber2_ore_deepslate":14,"gobber2:gobber2_lucky_block":37,"iceandfire:dread_spawner":4,"iceandfire:dragonforge_ice_brick":4,"minecraft:sandstone":3,"biomesoplenty:dune_grass":2,"luminousworld:savanna_grass_2":1,"minecraft:spawner":15,"minecraft:hay_block":62,"minecraft:furnace":3,"minecraft:iron_ore":41,"minecraft:cobbled_deepslate":5,"minecraft:andesite":1,"minecraft:black_concrete":1,"iceandfire:dragon_bone_block":4,"minecraft:deepslate_lapis_ore":1,"minecraft:gold_block":2,"minecraft:dark_oak_stairs":1,"minecraft:bookshelf":1,"supplementaries:stick":1,"minecraft:deepslate_iron_ore":28,"minecraft:oak_stairs":2,"minecraft:bone_block":1,"iceandfire:dread_stone_bricks_cracked":2,"minecraft:stone":59,"minecraft:iron_block":1,"minecraft:cake":1,"minecraft:oak_slab":2,"minecraft:acacia_leaves":1,"minecraft:basalt":1,"minecraft:crafting_table":8,"born_in_chaos_v1:infected_deepslate_diamond_ore":1,"minecraft:dark_oak_wood":3,"regions_unexplored:small_desert_shrub":1,"minecraft:crimson_slab":1,"minecraft:dead_bush":3,"iceandfire:dread_stone_stairs":1,"minecraft:stone_slab":1,"minecraft:copper_ore":1,"minecraft:tall_grass":1,"biomesoplenty:sprout":2,"minecraft:lapis_ore":2,"minecraft:oak_planks":3,"minecraft:crimson_stairs":1,"minecraft:lime_bed":1,"minecraft:ice":1,"minecraft:tnt":1,"gobber2:gobber2_lucky_block_deepslate":7,"iceandfire:dragonforge_ice_input":1,"minecraft:smooth_stone_slab":1,"iceandfire:dread_stone_bricks_mossy":1,"minecraft:grass":9,"minecraft:oak_log":23,"minecraft:coal_ore":5,"minecraft:gravel":1,"minecraft:sand":5,"minecraft:cobweb":18,"minecraft:tripwire_hook":4,"luminousworld:savannah_grass_4":1,"iceandfire:dread_stone_bricks":4},"minecraft:picked_up":{"iceandfire:dread_stone_bricks":16,"born_in_chaos_v1:diamond_termite_shard":3,"minecraft:crafting_table":8,"gobber2:gobber2_rod":1,"born_in_chaos_v1:seedof_chaos":2,"minecraft:flower_pot":1,"minecraft:stone_slab":1,"enemyexpansion:wasp_thorax":1,"minecraft:gold_block":2,"minecraft:string":22,"minecraft:raw_copper":5,"minecraft:smooth_stone_slab":1,"minecraft:red_nether_bricks":3,"minecraft:iron_leggings":1,"minecraft:iron_shovel":3,"minecraft:cobbled_deepslate":68,"minecraft:beef":3,"iceandfire:dragonforge_ice_brick":4,"iceandfire:dread_shard":2,"minecraft:spruce_slab":1,"minecraft:light_gray_wool":2,"minecraft:sugar_cane":1,"minecraft:sandstone":17,"minecraft:furnace":3,"minecraft:tipped_arrow":1,"iceandfire:dragonbone":27,"minecraft:raw_iron":66,"minecraft:stick":6,"minecraft:stripped_mangrove_wood":1,"born_in_chaos_v1:shattered_skull":1,"ecologics:coconut_slice":2,"minecraft:acacia_log":1,"minecraft:spruce_fence":1,"minecraft:porkchop":3,"minecraft:cherry_log":2,"tombstone:grave_dust":9,"born_in_chaos_v1:pieceofdarkmetal":3,"minecraft:redstone":8,"minecraft:dark_oak_planks":1,"gobber2:gobber2_foo":2,"minecraft:tnt":1,"minecraft:arrow":20,"minecraft:rotten_flesh":54,"born_in_chaos_v1:wood_splitter_axe":2,"minecraft:hay_block":62,"minecraft:iron_block":1,"supplementaries:ash":1,"minecraft:gold_ingot":4,"born_in_chaos_v1:spiny_shell":2,"tombstone:essence_of_undeath":1,"minecraft:bone_block":1,"minecraft:mutton":10,"undead_revamp2:arapholia":2,"minecraft:white_wool":5,"minecraft:cobblestone":65,"born_in_chaos_v1:fused_bone":1,"minecraft:sponge":4,"minecraft:birch_log":3,"born_in_chaos_v1:corpse_maggot":3,"minecraft:basalt":1,"minecraft:cooked_beef":1,"born_in_chaos_v1:monster_flesh":1,"gobber2:gobber2_ingot":24,"minecraft:andesite":1,"gobber2:gobber2_gooey_beefstew":4,"minecraft:leather":4,"paraglider:spirit_orb":28,"minecraft:oak_log":23,"iceandfire:ectoplasm":1,"iceandfire:dread_stone_bricks_cracked":8,"minecraft:gunpowder":3,"mowziesmobs:wrought_axe":1,"minecraft:lapis_lazuli":54,"minecraft:lantern":1,"minecraft:bone":39,"minecraft:bow":1,"gobber2:gobber2_gooey_beef":10,"iceandfire:dread_stone_stairs":1,"gobber2:gobber2_globette":26,"minecraft:oak_planks":3,"gobber2:gobber2_gooey_bread":10,"minecraft:dark_oak_stairs":1,"minecraft:book":3,"evenmoreinstruments:saxophone":1,"earthmobsmod:harder_flesh":1,"minecraft:gravel":2,"iceandfire:dragon_skull_fire":1,"minecraft:sand":3,"mowziesmobs:wrought_helmet":1,"minecraft:white_bed":1,"iceandfire:dragon_bone_block":4,"minecraft:bundle":2,"minecraft:polished_andesite":2,"iceandfire:dread_stone_bricks_mossy":1,"minecraft:chainmail_leggings":2,"iceandfire:dragon_ice":1,"iceandfire:dragonforge_ice_input":1,"minecraft:gray_wool":2,"minecraft:emerald":41,"tombstone:magic_scroll":1,"minecraft:oak_sapling":2,"minecraft:black_wool":3,"iceandfire:silver_nugget":14,"minecraft:dark_oak_wood":3,"minecraft:coal":5,"gobber2:gobber2_goo":9,"iceandfire:raw_silver":2},"minecraft:dropped":{"minecraft:cherry_log":2,"iceandfire:dragonforge_ice_input":1,"minecraft:stick":2,"minecraft:gray_wool":1,"minecraft:iron_axe":1,"minecraft:bone":1,"minecraft:rotten_flesh":1,"minecraft:light_gray_wool":1,"minecraft:flint_and_steel":1,"iceandfire:dragon_ice":1,"minecraft:diamond_pickaxe":1,"minecraft:black_wool":1},"minecraft:killed_by":{"undead_revamp2:thewolf":1,"iceandfire:dread_beast":2,"iceandfire:dread_scuttler":1,"enemyexpansion:trollenraged":1,"born_in_chaos_v1:baby_skeleton":1,"iceandfire:dread_ghoul":7,"undead_revamp2:clogger":1,"mowziesmobs:ferrous_wroughtnaut":1,"iceandfire:ice_dragon":3,"minecraft:skeleton":3,"minecraft:zombie":1,"luminousworld:frost_bitten_skeleton":1,"enemyexpansion:direwolf":1,"born_in_chaos_v1:dread_hound":1,"enemyexpansion:invisicreeper":1},"minecraft:killed":{"enemyexpansion:trollenraged":1,"born_in_chaos_v1:zombie_clown":2,"luminousworld:frostbitten_zombie":1,"born_in_chaos_v1:zombie_lumberjack":3,"born_in_chaos_v1:restless_spirit":1,"creeperoverhaul:beach_creeper":1,"born_in_chaos_v1:zombie_clown_not_despawn":1,"enemyexpansion:equestrian":2,"minecraft:spider":2,"undead_revamp2:axestrom":2,"iceandfire:dread_beast":2,"born_in_chaos_v1:thornshell_crab":1,"enemyexpansion:direwolf":2,"born_in_chaos_v1:siamese_skeletonsright":1,"born_in_chaos_v1:maggot":11,"endermanoverhaul:scarab":3,"minecraft:horse":3,"minecraft:skeleton":22,"enemyexpansion:faller":1,"endermanoverhaul:desert_enderman":1,"mowziesmobs:ferrous_wroughtnaut":1,"iceandfire:dread_thrall":1,"born_in_chaos_v1:skeleton_thrasher":1,"minecraft:piglin_brute":1,"luminousworld:savannah_zombie":1,"alexsmobs:kangaroo":1,"mowziesmobs:umvuthana":2,"friendsandfoes:iceologer":1,"born_in_chaos_v1:fallen_chaos_knight":1,"minecraft:husk":5,"earthmobsmod:bouldering_zombie":2,"minecraft:pig":1,"born_in_chaos_v1:diamond_termite":3,"born_in_chaos_v1:baby_skeleton":3,"undead_revamp2:the_moonflower":12,"earthmobsmod:umbra_cow":1,"born_in_chaos_v1:decrepit_skeleton":2,"minecraft:sheep":5,"born_in_chaos_v1:bloody_gadfly":1,"born_in_chaos_v1:zombie_fisherman":1,"enemyexpansion:meature":1,"minecraft:zombie":32,"iceandfire:ghost":2,"born_in_chaos_v1:dread_hound":3,"enemyexpansion:vampire":1,"born_in_chaos_v1:corpse_fly":1,"iceandfire:ice_dragon":1,"iceandfire:dread_ghoul":2,"earthmobsmod:horned_sheep":3,"enemyexpansion:wasp":2,"minecraft:cow":4},"minecraft:custom":{"minecraft:interact_with_smithing_table":1,"minecraft:mob_kills":167,"minecraft:interact_with_crafting_table":50,"minecraft:open_barrel":41,"minecraft:damage_dealt_resisted":279,"minecraft:leave_game":6,"minecraft:time_since_death":21075,"minecraft:climb_one_cm":9882,"minecraft:sprint_one_cm":513740,"minecraft:walk_one_cm":584039,"minecraft:damage_blocked_by_shield":578,"minecraft:drop":12,"minecraft:play_time":266455,"minecraft:deaths":29,"minecraft:sneak_time":3088,"minecraft:walk_under_water_one_cm":13077,"minecraft:jump":3436,"minecraft:walk_on_water_one_cm":18956,"minecraft:total_world_time":266455,"minecraft:interact_with_furnace":42,"tombstone:raider_killed":1,"minecraft:tune_noteblock":1,"minecraft:time_since_rest":21036,"minecraft:waystone_activated":2,"minecraft:damage_taken":14249,"minecraft:trigger_trapped_chest":4,"minecraft:damage_dealt":35573,"minecraft:swim_one_cm":40958,"minecraft:fly_one_cm":683410,"minecraft:open_chest":112,"minecraft:crouch_one_cm":2675,"tombstone:undead_killed":101,"minecraft:interact_with_smoker":1,"minecraft:fall_one_cm":88271}},"DataVersion":3465}