{"stats":{"minecraft:used":{"gobber2:gobber2_goo":5,"minecraft:flint_and_steel":8,"gobber2:gobber2_gooey_bread":4,"minecraft:shield":25,"simpletomb:grave_key":1,"minecraft:stick":1,"minecraft:wooden_axe":19,"minecraft:iron_axe":155,"gobber2:gobber2_gooey_beef":3,"minecraft:furnace":3,"tombstone:gift":3,"minecraft:cooked_beef":1,"minecraft:cooked_mutton":6,"minecraft:stone_pickaxe":22,"minecraft:oak_planks":2,"minecraft:wooden_pickaxe":31,"minecraft:crafting_table":5,"born_in_chaos_v1:monster_flesh":1,"minecraft:iron_pickaxe":97,"minecraft:cobblestone":7,"minecraft:cooked_porkchop":2,"minecraft:bucket":3,"born_in_chaos_v1:wood_splitter_axe":43,"minecraft:experience_bottle":1},"minecraft:killed":{"born_in_chaos_v1:zombie_lumberjack":2,"born_in_chaos_v1:zombie_clown_not_despawn":1,"enemyexpansion:equestrian":1,"enemyexpansion:direwolf":1,"born_in_chaos_v1:maggot":2,"endermanoverhaul:scarab":3,"minecraft:horse":3,"minecraft:skeleton":9,"endermanoverhaul:desert_enderman":1,"luminousworld:savannah_zombie":1,"alexsmobs:kangaroo":1,"minecraft:husk":5,"minecraft:pig":1,"undead_revamp2:the_moonflower":3,"born_in_chaos_v1:decrepit_skeleton":1,"minecraft:sheep":5,"born_in_chaos_v1:bloody_gadfly":1,"minecraft:zombie":21,"iceandfire:ghost":2,"born_in_chaos_v1:dread_hound":3,"enemyexpansion:vampire":1,"earthmobsmod:horned_sheep":3},"minecraft:dropped":{"minecraft:cherry_log":2,"minecraft:stick":2,"minecraft:gray_wool":1,"minecraft:iron_axe":1,"minecraft:bone":1,"minecraft:rotten_flesh":1,"minecraft:light_gray_wool":1,"minecraft:flint_and_steel":1,"minecraft:black_wool":1},"minecraft:mined":{"minecraft:white_bed":1,"iceandfire:silver_ore":2,"biomesoplenty:desert_grass":1,"gobber2:gobber2_lucky_block":16,"minecraft:sandstone":3,"biomesoplenty:dune_grass":2,"luminousworld:savanna_grass_2":1,"minecraft:spawner":8,"minecraft:hay_block":30,"minecraft:furnace":3,"minecraft:iron_ore":27,"minecraft:gold_block":2,"supplementaries:stick":1,"minecraft:deepslate_iron_ore":28,"minecraft:stone":48,"minecraft:iron_block":1,"minecraft:acacia_leaves":1,"minecraft:basalt":1,"minecraft:crafting_table":5,"regions_unexplored:small_desert_shrub":1,"minecraft:dead_bush":3,"minecraft:tall_grass":1,"minecraft:copper_ore":1,"biomesoplenty:sprout":1,"minecraft:oak_planks":1,"minecraft:lime_bed":1,"minecraft:grass":8,"minecraft:coal_ore":5,"minecraft:oak_log":9,"minecraft:gravel":1,"minecraft:sand":5},"minecraft:custom":{"minecraft:mob_kills":72,"minecraft:interact_with_crafting_table":28,"minecraft:open_barrel":6,"minecraft:leave_game":3,"minecraft:time_since_death":24362,"minecraft:climb_one_cm":5438,"minecraft:sprint_one_cm":256240,"minecraft:walk_one_cm":217240,"minecraft:damage_blocked_by_shield":360,"minecraft:drop":9,"minecraft:play_time":110952,"minecraft:deaths":7,"minecraft:sneak_time":236,"minecraft:walk_under_water_one_cm":3305,"minecraft:jump":1851,"minecraft:walk_on_water_one_cm":3968,"minecraft:total_world_time":110952,"minecraft:interact_with_furnace":35,"minecraft:time_since_rest":24161,"minecraft:waystone_activated":1,"minecraft:damage_taken":3539,"minecraft:trigger_trapped_chest":1,"minecraft:damage_dealt":15794,"minecraft:swim_one_cm":30176,"minecraft:fly_one_cm":326393,"minecraft:open_chest":25,"minecraft:crouch_one_cm":243,"tombstone:undead_killed":47,"minecraft:fall_one_cm":52950},"minecraft:crafted":{"minecraft:oak_planks":36,"minecraft:furnace":2,"minecraft:cooked_mutton":6,"minecraft:iron_boots":1,"minecraft:iron_axe":2,"minecraft:stone_pickaxe":1,"minecraft:crafting_table":1,"minecraft:wooden_pickaxe":1,"minecraft:iron_helmet":1,"minecraft:gold_block":3,"minecraft:bucket":1,"minecraft:stone_axe":1,"minecraft:iron_chestplate":1,"minecraft:golden_leggings":1,"minecraft:shield":1,"minecraft:stick":12,"minecraft:iron_ingot":54,"minecraft:iron_pickaxe":1,"minecraft:wooden_axe":1,"minecraft:iron_block":7,"minecraft:iron_leggings":1},"minecraft:picked_up":{"minecraft:crafting_table":5,"minecraft:gold_block":2,"minecraft:string":4,"minecraft:raw_copper":5,"minecraft:iron_leggings":1,"minecraft:light_gray_wool":2,"minecraft:furnace":3,"minecraft:raw_iron":52,"minecraft:tipped_arrow":1,"minecraft:stick":6,"minecraft:sandstone":17,"iceandfire:dragonbone":27,"minecraft:acacia_log":1,"minecraft:porkchop":3,"minecraft:cherry_log":2,"tombstone:grave_dust":4,"minecraft:redstone":8,"minecraft:arrow":8,"minecraft:rotten_flesh":32,"born_in_chaos_v1:wood_splitter_axe":1,"minecraft:hay_block":30,"minecraft:iron_block":1,"tombstone:essence_of_undeath":1,"minecraft:gold_ingot":4,"minecraft:mutton":10,"minecraft:white_wool":5,"minecraft:cobblestone":52,"minecraft:sponge":4,"minecraft:birch_log":3,"minecraft:basalt":1,"minecraft:cooked_beef":1,"born_in_chaos_v1:monster_flesh":1,"gobber2:gobber2_gooey_beefstew":2,"minecraft:leather":2,"paraglider:spirit_orb":14,"minecraft:oak_log":9,"iceandfire:ectoplasm":1,"minecraft:gunpowder":2,"minecraft:bone":9,"gobber2:gobber2_gooey_beef":3,"minecraft:oak_planks":1,"gobber2:gobber2_gooey_bread":4,"evenmoreinstruments:saxophone":1,"minecraft:gravel":1,"minecraft:sand":3,"iceandfire:dragon_skull_fire":1,"minecraft:white_bed":1,"minecraft:bundle":1,"minecraft:polished_andesite":2,"minecraft:gray_wool":2,"minecraft:oak_sapling":2,"minecraft:black_wool":2,"gobber2:gobber2_goo":6,"minecraft:coal":5,"iceandfire:raw_silver":2},"minecraft:killed_by":{"undead_revamp2:clogger":1,"minecraft:skeleton":2,"minecraft:zombie":1,"enemyexpansion:direwolf":1,"born_in_chaos_v1:dread_hound":1}},"DataVersion":3465}