{"stats":{"minecraft:used":{"gobber2:gobber2_goo":5,"minecraft:flint_and_steel":8,"gobber2:gobber2_gooey_bread":4,"minecraft:shield":28,"simpletomb:grave_key":1,"minecraft:stick":1,"minecraft:wooden_axe":19,"minecraft:iron_axe":155,"gobber2:gobber2_gooey_beef":3,"minecraft:furnace":3,"tombstone:gift":4,"minecraft:cooked_beef":1,"minecraft:cooked_mutton":6,"minecraft:stone_pickaxe":22,"minecraft:oak_planks":2,"minecraft:wooden_pickaxe":31,"minecraft:crafting_table":6,"minecraft:bread":7,"born_in_chaos_v1:monster_flesh":1,"minecraft:iron_pickaxe":107,"minecraft:cobblestone":7,"minecraft:cooked_porkchop":5,"minecraft:bucket":3,"born_in_chaos_v1:wood_splitter_axe":108,"minecraft:experience_bottle":1},"minecraft:killed":{"born_in_chaos_v1:zombie_clown":1,"born_in_chaos_v1:zombie_lumberjack":3,"born_in_chaos_v1:restless_spirit":1,"born_in_chaos_v1:zombie_clown_not_despawn":1,"enemyexpansion:equestrian":1,"enemyexpansion:direwolf":1,"born_in_chaos_v1:maggot":5,"endermanoverhaul:scarab":3,"minecraft:skeleton":14,"minecraft:horse":3,"endermanoverhaul:desert_enderman":1,"luminousworld:savannah_zombie":1,"alexsmobs:kangaroo":1,"minecraft:husk":5,"minecraft:pig":1,"undead_revamp2:the_moonflower":4,"born_in_chaos_v1:decrepit_skeleton":1,"minecraft:sheep":5,"born_in_chaos_v1:bloody_gadfly":1,"minecraft:zombie":28,"iceandfire:ghost":2,"born_in_chaos_v1:dread_hound":3,"enemyexpansion:vampire":1,"earthmobsmod:horned_sheep":3,"enemyexpansion:wasp":2,"minecraft:cow":4},"minecraft:dropped":{"minecraft:cherry_log":2,"minecraft:stick":2,"minecraft:gray_wool":1,"minecraft:iron_axe":1,"minecraft:bone":1,"minecraft:rotten_flesh":1,"minecraft:light_gray_wool":1,"minecraft:flint_and_steel":1,"minecraft:black_wool":1},"minecraft:mined":{"minecraft:dark_oak_planks":1,"minecraft:white_bed":1,"iceandfire:silver_ore":2,"biomesoplenty:desert_grass":1,"minecraft:red_nether_bricks":3,"gobber2:gobber2_lucky_block":19,"minecraft:sandstone":3,"biomesoplenty:dune_grass":2,"luminousworld:savanna_grass_2":1,"minecraft:spawner":10,"minecraft:hay_block":30,"minecraft:furnace":3,"minecraft:iron_ore":27,"minecraft:black_concrete":1,"minecraft:gold_block":2,"minecraft:dark_oak_stairs":1,"minecraft:bookshelf":1,"supplementaries:stick":1,"minecraft:deepslate_iron_ore":28,"minecraft:stone":48,"minecraft:iron_block":1,"minecraft:cake":1,"minecraft:acacia_leaves":1,"minecraft:basalt":1,"minecraft:crafting_table":5,"minecraft:dark_oak_wood":3,"regions_unexplored:small_desert_shrub":1,"minecraft:dead_bush":3,"minecraft:copper_ore":1,"minecraft:tall_grass":1,"biomesoplenty:sprout":1,"minecraft:oak_planks":1,"minecraft:lime_bed":1,"minecraft:grass":9,"minecraft:coal_ore":5,"minecraft:oak_log":9,"minecraft:gravel":1,"minecraft:sand":5,"minecraft:tripwire_hook":4},"minecraft:custom":{"minecraft:mob_kills":97,"minecraft:interact_with_crafting_table":31,"minecraft:open_barrel":12,"minecraft:damage_dealt_resisted":30,"minecraft:leave_game":5,"minecraft:time_since_death":406,"minecraft:climb_one_cm":5438,"minecraft:sprint_one_cm":295369,"minecraft:walk_one_cm":264986,"minecraft:damage_blocked_by_shield":440,"minecraft:drop":9,"minecraft:play_time":133728,"minecraft:deaths":8,"minecraft:sneak_time":278,"minecraft:walk_under_water_one_cm":9286,"minecraft:jump":2128,"minecraft:walk_on_water_one_cm":7629,"minecraft:total_world_time":133728,"minecraft:interact_with_furnace":35,"minecraft:tune_noteblock":1,"minecraft:time_since_rest":276,"minecraft:waystone_activated":1,"minecraft:damage_taken":4281,"minecraft:trigger_trapped_chest":1,"minecraft:damage_dealt":20080,"minecraft:swim_one_cm":37994,"minecraft:fly_one_cm":381123,"minecraft:open_chest":45,"minecraft:crouch_one_cm":246,"tombstone:undead_killed":62,"minecraft:fall_one_cm":62350},"minecraft:crafted":{"minecraft:oak_planks":36,"minecraft:furnace":2,"minecraft:cooked_mutton":6,"quark:dark_oak_chest":1,"minecraft:iron_boots":1,"minecraft:iron_axe":2,"minecraft:stone_pickaxe":1,"minecraft:dark_oak_planks":12,"minecraft:crafting_table":1,"minecraft:wooden_pickaxe":1,"minecraft:iron_helmet":1,"minecraft:gold_block":3,"minecraft:bucket":1,"minecraft:stone_axe":1,"minecraft:iron_chestplate":1,"minecraft:golden_leggings":1,"minecraft:shield":1,"minecraft:stick":12,"minecraft:iron_ingot":54,"minecraft:iron_pickaxe":1,"minecraft:wooden_axe":1,"minecraft:iron_block":7,"minecraft:iron_leggings":1},"minecraft:picked_up":{"minecraft:crafting_table":5,"enemyexpansion:wasp_thorax":1,"minecraft:gold_block":2,"minecraft:string":4,"minecraft:raw_copper":5,"minecraft:red_nether_bricks":3,"minecraft:iron_leggings":1,"minecraft:light_gray_wool":2,"minecraft:spruce_slab":1,"minecraft:furnace":3,"minecraft:stripped_mangrove_wood":1,"minecraft:tipped_arrow":1,"minecraft:stick":6,"minecraft:raw_iron":52,"minecraft:sandstone":17,"iceandfire:dragonbone":27,"minecraft:acacia_log":1,"minecraft:porkchop":3,"minecraft:cherry_log":2,"tombstone:grave_dust":5,"minecraft:redstone":8,"minecraft:dark_oak_planks":1,"gobber2:gobber2_foo":1,"minecraft:arrow":12,"minecraft:rotten_flesh":40,"born_in_chaos_v1:wood_splitter_axe":2,"minecraft:hay_block":30,"minecraft:iron_block":1,"tombstone:essence_of_undeath":1,"minecraft:gold_ingot":4,"minecraft:mutton":10,"minecraft:white_wool":5,"minecraft:cobblestone":52,"minecraft:sponge":4,"minecraft:birch_log":3,"minecraft:cooked_beef":1,"minecraft:basalt":1,"born_in_chaos_v1:monster_flesh":1,"minecraft:leather":4,"gobber2:gobber2_gooey_beefstew":2,"paraglider:spirit_orb":18,"minecraft:oak_log":9,"iceandfire:ectoplasm":1,"minecraft:gunpowder":2,"minecraft:bone":13,"gobber2:gobber2_gooey_beef":3,"minecraft:oak_planks":1,"minecraft:dark_oak_stairs":1,"gobber2:gobber2_gooey_bread":5,"minecraft:book":3,"evenmoreinstruments:saxophone":1,"minecraft:gravel":1,"iceandfire:dragon_skull_fire":1,"minecraft:sand":3,"minecraft:white_bed":1,"minecraft:bundle":2,"minecraft:polished_andesite":2,"minecraft:gray_wool":2,"tombstone:magic_scroll":1,"minecraft:oak_sapling":2,"minecraft:black_wool":2,"minecraft:dark_oak_wood":3,"minecraft:coal":5,"gobber2:gobber2_goo":7,"iceandfire:raw_silver":2},"minecraft:killed_by":{"undead_revamp2:clogger":1,"minecraft:skeleton":2,"minecraft:zombie":1,"enemyexpansion:direwolf":1,"born_in_chaos_v1:dread_hound":1}},"DataVersion":3465}