{"stats":{"minecraft:picked_up":{"minecraft:crafting_table":6,"minecraft:stone_slab":1,"enemyexpansion:wasp_thorax":1,"minecraft:gold_block":2,"minecraft:string":22,"minecraft:raw_copper":5,"minecraft:red_nether_bricks":3,"minecraft:iron_leggings":1,"minecraft:light_gray_wool":2,"minecraft:spruce_slab":1,"minecraft:furnace":3,"minecraft:stripped_mangrove_wood":1,"minecraft:tipped_arrow":1,"minecraft:stick":6,"minecraft:raw_iron":52,"minecraft:sandstone":17,"iceandfire:dragonbone":27,"born_in_chaos_v1:shattered_skull":1,"minecraft:acacia_log":1,"minecraft:porkchop":3,"minecraft:cherry_log":2,"tombstone:grave_dust":5,"born_in_chaos_v1:pieceofdarkmetal":3,"minecraft:redstone":8,"minecraft:dark_oak_planks":1,"gobber2:gobber2_foo":1,"minecraft:arrow":12,"minecraft:rotten_flesh":42,"born_in_chaos_v1:wood_splitter_axe":2,"minecraft:hay_block":53,"minecraft:iron_block":1,"tombstone:essence_of_undeath":1,"minecraft:gold_ingot":4,"minecraft:mutton":10,"minecraft:white_wool":5,"minecraft:cobblestone":61,"minecraft:sponge":4,"minecraft:birch_log":3,"minecraft:cooked_beef":1,"minecraft:basalt":1,"born_in_chaos_v1:monster_flesh":1,"minecraft:leather":4,"gobber2:gobber2_gooey_beefstew":2,"paraglider:spirit_orb":20,"minecraft:oak_log":15,"iceandfire:ectoplasm":1,"minecraft:gunpowder":2,"minecraft:lantern":1,"minecraft:bone":18,"gobber2:gobber2_gooey_beef":3,"minecraft:oak_planks":3,"minecraft:dark_oak_stairs":1,"gobber2:gobber2_gooey_bread":6,"minecraft:book":3,"evenmoreinstruments:saxophone":1,"minecraft:gravel":1,"iceandfire:dragon_skull_fire":1,"minecraft:sand":3,"minecraft:white_bed":1,"minecraft:bundle":2,"minecraft:polished_andesite":2,"minecraft:gray_wool":2,"tombstone:magic_scroll":1,"minecraft:oak_sapling":2,"minecraft:black_wool":2,"minecraft:dark_oak_wood":3,"minecraft:coal":5,"gobber2:gobber2_goo":7,"iceandfire:raw_silver":2},"minecraft:custom":{"minecraft:mob_kills":100,"minecraft:interact_with_crafting_table":41,"minecraft:open_barrel":13,"minecraft:damage_dealt_resisted":30,"minecraft:leave_game":5,"minecraft:time_since_death":17965,"minecraft:climb_one_cm":8533,"minecraft:sprint_one_cm":319334,"minecraft:walk_one_cm":299052,"minecraft:damage_blocked_by_shield":440,"minecraft:drop":9,"minecraft:play_time":151287,"minecraft:deaths":8,"minecraft:sneak_time":2154,"minecraft:walk_under_water_one_cm":9286,"minecraft:jump":2239,"minecraft:walk_on_water_one_cm":7629,"minecraft:total_world_time":151287,"minecraft:interact_with_furnace":42,"minecraft:tune_noteblock":1,"minecraft:time_since_rest":17835,"minecraft:waystone_activated":1,"minecraft:damage_taken":4346,"minecraft:trigger_trapped_chest":1,"minecraft:damage_dealt":20783,"minecraft:swim_one_cm":37994,"minecraft:fly_one_cm":400384,"minecraft:open_chest":54,"minecraft:crouch_one_cm":270,"tombstone:undead_killed":63,"minecraft:fall_one_cm":65007},"minecraft:killed_by":{"undead_revamp2:clogger":1,"minecraft:skeleton":2,"minecraft:zombie":1,"enemyexpansion:direwolf":1,"born_in_chaos_v1:dread_hound":1},"minecraft:used":{"gobber2:gobber2_goo":5,"minecraft:flint_and_steel":8,"gobber2:gobber2_gooey_bread":4,"minecraft:shield":28,"minecraft:iron_sword":18,"simpletomb:grave_key":1,"minecraft:stick":1,"minecraft:wooden_axe":19,"minecraft:iron_axe":155,"gobber2:gobber2_gooey_beef":3,"minecraft:furnace":4,"tombstone:gift":4,"minecraft:cooked_beef":1,"minecraft:cooked_mutton":6,"tombstone:scroll_of_knowledge":3,"minecraft:stone_pickaxe":22,"minecraft:oak_planks":2,"minecraft:wooden_pickaxe":31,"minecraft:crafting_table":8,"minecraft:bread":7,"born_in_chaos_v1:monster_flesh":1,"minecraft:iron_pickaxe":119,"minecraft:cobblestone":7,"minecraft:cooked_porkchop":5,"minecraft:bucket":3,"born_in_chaos_v1:wood_splitter_axe":130,"minecraft:experience_bottle":1},"minecraft:crafted":{"hangglider:glider_framework":1,"minecraft:oak_planks":58,"hangglider:hang_glider":1,"minecraft:furnace":2,"hangglider:glider_wing":2,"minecraft:cooked_mutton":6,"quark:dark_oak_chest":1,"minecraft:iron_boots":1,"minecraft:leather":15,"minecraft:iron_axe":2,"minecraft:stone_pickaxe":1,"minecraft:dark_oak_planks":12,"sophisticatedbackpacks:iron_backpack":1,"minecraft:wheat":99,"sophisticatedbackpacks:backpack":1,"minecraft:crafting_table":2,"minecraft:wooden_pickaxe":1,"minecraft:iron_helmet":1,"minecraft:iron_sword":1,"sophisticatedbackpacks:gold_backpack":1,"minecraft:gold_block":3,"minecraft:bucket":1,"minecraft:stone_axe":1,"minecraft:bread":32,"minecraft:iron_chestplate":1,"minecraft:golden_leggings":1,"minecraft:shield":1,"minecraft:stick":24,"quark:oak_chest":1,"minecraft:iron_ingot":54,"minecraft:iron_pickaxe":1,"minecraft:wooden_axe":1,"minecraft:iron_block":7,"minecraft:iron_leggings":1},"minecraft:dropped":{"minecraft:cherry_log":2,"minecraft:stick":2,"minecraft:gray_wool":1,"minecraft:iron_axe":1,"minecraft:bone":1,"minecraft:rotten_flesh":1,"minecraft:light_gray_wool":1,"minecraft:flint_and_steel":1,"minecraft:black_wool":1},"minecraft:mined":{"minecraft:dark_oak_planks":1,"minecraft:white_bed":1,"iceandfire:silver_ore":2,"biomesoplenty:desert_grass":1,"minecraft:red_nether_bricks":3,"gobber2:gobber2_lucky_block":20,"minecraft:sandstone":3,"biomesoplenty:dune_grass":2,"luminousworld:savanna_grass_2":1,"minecraft:spawner":11,"minecraft:hay_block":53,"minecraft:furnace":3,"minecraft:iron_ore":27,"minecraft:black_concrete":1,"minecraft:gold_block":2,"minecraft:dark_oak_stairs":1,"minecraft:bookshelf":1,"supplementaries:stick":1,"minecraft:deepslate_iron_ore":28,"minecraft:oak_stairs":2,"minecraft:stone":57,"minecraft:iron_block":1,"minecraft:cake":1,"minecraft:oak_slab":2,"minecraft:acacia_leaves":1,"minecraft:basalt":1,"minecraft:crafting_table":6,"minecraft:dark_oak_wood":3,"regions_unexplored:small_desert_shrub":1,"minecraft:crimson_slab":1,"minecraft:dead_bush":3,"minecraft:stone_slab":1,"minecraft:tall_grass":1,"minecraft:copper_ore":1,"biomesoplenty:sprout":1,"minecraft:oak_planks":3,"minecraft:crimson_stairs":1,"minecraft:lime_bed":1,"minecraft:grass":9,"minecraft:coal_ore":5,"minecraft:oak_log":15,"minecraft:gravel":1,"minecraft:sand":5,"minecraft:cobweb":18,"minecraft:tripwire_hook":4},"minecraft:killed":{"born_in_chaos_v1:zombie_clown":1,"born_in_chaos_v1:zombie_lumberjack":3,"born_in_chaos_v1:restless_spirit":1,"born_in_chaos_v1:zombie_clown_not_despawn":1,"enemyexpansion:equestrian":1,"enemyexpansion:direwolf":1,"born_in_chaos_v1:maggot":6,"endermanoverhaul:scarab":3,"minecraft:skeleton":14,"minecraft:horse":3,"endermanoverhaul:desert_enderman":1,"born_in_chaos_v1:skeleton_thrasher":1,"minecraft:piglin_brute":1,"luminousworld:savannah_zombie":1,"alexsmobs:kangaroo":1,"minecraft:husk":5,"minecraft:pig":1,"undead_revamp2:the_moonflower":4,"born_in_chaos_v1:decrepit_skeleton":1,"minecraft:sheep":5,"born_in_chaos_v1:bloody_gadfly":1,"minecraft:zombie":28,"iceandfire:ghost":2,"born_in_chaos_v1:dread_hound":3,"enemyexpansion:vampire":1,"earthmobsmod:horned_sheep":3,"enemyexpansion:wasp":2,"minecraft:cow":4}},"DataVersion":3465}