{"stats":{"minecraft:used":{"minecraft:cooked_mutton":3,"minecraft:stone_pickaxe":22,"minecraft:oak_planks":2,"minecraft:wooden_pickaxe":31,"simpletomb:grave_key":1,"minecraft:crafting_table":4,"minecraft:wooden_axe":19,"minecraft:iron_axe":26,"born_in_chaos_v1:monster_flesh":1,"minecraft:iron_pickaxe":73,"gobber2:gobber2_gooey_beef":1,"minecraft:furnace":3,"minecraft:bucket":3,"tombstone:gift":1,"minecraft:cooked_beef":1},"minecraft:killed":{"minecraft:pig":1,"born_in_chaos_v1:maggot":1,"minecraft:skeleton":3,"minecraft:sheep":5,"iceandfire:ghost":1,"enemyexpansion:vampire":1,"earthmobsmod:horned_sheep":3},"minecraft:dropped":{"minecraft:light_gray_wool":1,"minecraft:gray_wool":1,"minecraft:black_wool":1,"minecraft:bone":1},"minecraft:mined":{"minecraft:basalt":1,"minecraft:crafting_table":4,"gobber2:gobber2_lucky_block":11,"minecraft:copper_ore":1,"biomesoplenty:sprout":1,"minecraft:oak_planks":1,"minecraft:furnace":3,"minecraft:iron_ore":27,"minecraft:gold_block":1,"minecraft:grass":3,"minecraft:coal_ore":5,"minecraft:oak_log":9,"minecraft:deepslate_iron_ore":28,"minecraft:gravel":1,"minecraft:stone":45},"minecraft:custom":{"minecraft:interact_with_furnace":33,"minecraft:mob_kills":15,"minecraft:interact_with_crafting_table":19,"minecraft:leave_game":2,"minecraft:time_since_death":19547,"minecraft:climb_one_cm":407,"minecraft:time_since_rest":19387,"minecraft:sprint_one_cm":75007,"minecraft:damage_taken":1096,"minecraft:walk_one_cm":73769,"minecraft:trigger_trapped_chest":1,"minecraft:drop":4,"minecraft:damage_dealt":2464,"minecraft:swim_one_cm":12448,"minecraft:fly_one_cm":95400,"minecraft:crouch_one_cm":90,"minecraft:play_time":51676,"tombstone:undead_killed":5,"minecraft:deaths":3,"minecraft:sneak_time":12,"minecraft:walk_under_water_one_cm":626,"minecraft:jump":590,"minecraft:walk_on_water_one_cm":2012,"minecraft:total_world_time":51676,"minecraft:fall_one_cm":17482},"minecraft:crafted":{"minecraft:oak_planks":36,"minecraft:crafting_table":1,"minecraft:wooden_pickaxe":1,"minecraft:iron_helmet":1,"minecraft:furnace":2,"minecraft:bucket":1,"minecraft:stone_axe":1,"minecraft:cooked_mutton":6,"minecraft:iron_chestplate":1,"minecraft:iron_boots":1,"minecraft:shield":1,"minecraft:iron_axe":1,"minecraft:stick":12,"minecraft:iron_ingot":54,"minecraft:iron_pickaxe":1,"minecraft:stone_pickaxe":1,"minecraft:wooden_axe":1,"minecraft:iron_leggings":1},"minecraft:picked_up":{"minecraft:crafting_table":4,"minecraft:basalt":1,"minecraft:cooked_beef":1,"born_in_chaos_v1:monster_flesh":1,"gobber2:gobber2_gooey_beefstew":2,"minecraft:gold_block":1,"minecraft:oak_log":9,"minecraft:gunpowder":2,"minecraft:raw_copper":5,"minecraft:bone":2,"gobber2:gobber2_gooey_beef":3,"minecraft:light_gray_wool":2,"minecraft:oak_planks":1,"gobber2:gobber2_gooey_bread":4,"minecraft:furnace":3,"evenmoreinstruments:saxophone":1,"minecraft:stick":1,"minecraft:raw_iron":52,"minecraft:gravel":1,"minecraft:porkchop":3,"tombstone:grave_dust":2,"minecraft:arrow":1,"minecraft:gray_wool":2,"tombstone:essence_of_undeath":1,"minecraft:oak_sapling":2,"minecraft:black_wool":2,"minecraft:mutton":10,"minecraft:coal":5,"gobber2:gobber2_goo":2,"minecraft:white_wool":5,"minecraft:cobblestone":49},"minecraft:killed_by":{"enemyexpansion:direwolf":1,"born_in_chaos_v1:dread_hound":1}},"DataVersion":3465}