{"stats":{"minecraft:picked_up":{"born_in_chaos_v1:diamond_termite_shard":3,"minecraft:crafting_table":7,"minecraft:flower_pot":1,"minecraft:stone_slab":1,"enemyexpansion:wasp_thorax":1,"minecraft:gold_block":2,"minecraft:string":22,"minecraft:raw_copper":5,"minecraft:red_nether_bricks":3,"minecraft:iron_leggings":1,"minecraft:iron_shovel":3,"minecraft:cobbled_deepslate":64,"minecraft:light_gray_wool":2,"minecraft:spruce_slab":1,"minecraft:furnace":3,"minecraft:stripped_mangrove_wood":1,"minecraft:tipped_arrow":1,"minecraft:stick":6,"minecraft:raw_iron":66,"minecraft:sandstone":17,"iceandfire:dragonbone":27,"born_in_chaos_v1:shattered_skull":1,"minecraft:acacia_log":1,"minecraft:porkchop":3,"minecraft:cherry_log":2,"tombstone:grave_dust":6,"born_in_chaos_v1:pieceofdarkmetal":3,"minecraft:redstone":8,"minecraft:dark_oak_planks":1,"gobber2:gobber2_foo":2,"minecraft:tnt":1,"minecraft:arrow":17,"minecraft:rotten_flesh":45,"born_in_chaos_v1:wood_splitter_axe":2,"minecraft:hay_block":62,"minecraft:iron_block":1,"tombstone:essence_of_undeath":1,"minecraft:gold_ingot":4,"minecraft:mutton":10,"undead_revamp2:arapholia":1,"minecraft:white_wool":5,"minecraft:cobblestone":64,"born_in_chaos_v1:fused_bone":1,"minecraft:sponge":4,"minecraft:birch_log":3,"born_in_chaos_v1:corpse_maggot":1,"minecraft:cooked_beef":1,"minecraft:basalt":1,"born_in_chaos_v1:monster_flesh":1,"minecraft:andesite":1,"minecraft:leather":4,"gobber2:gobber2_gooey_beefstew":3,"paraglider:spirit_orb":26,"minecraft:oak_log":23,"iceandfire:ectoplasm":1,"minecraft:gunpowder":3,"minecraft:lapis_lazuli":54,"minecraft:lantern":1,"minecraft:bone":27,"minecraft:bow":1,"gobber2:gobber2_gooey_beef":8,"gobber2:gobber2_globette":26,"minecraft:oak_planks":3,"minecraft:dark_oak_stairs":1,"gobber2:gobber2_gooey_bread":9,"minecraft:book":3,"evenmoreinstruments:saxophone":1,"earthmobsmod:harder_flesh":1,"minecraft:gravel":1,"iceandfire:dragon_skull_fire":1,"minecraft:sand":3,"minecraft:white_bed":1,"minecraft:bundle":2,"minecraft:polished_andesite":2,"minecraft:chainmail_leggings":1,"minecraft:gray_wool":2,"tombstone:magic_scroll":1,"minecraft:oak_sapling":2,"minecraft:black_wool":2,"minecraft:dark_oak_wood":3,"minecraft:coal":5,"gobber2:gobber2_goo":7,"iceandfire:raw_silver":2},"minecraft:custom":{"minecraft:interact_with_smithing_table":1,"minecraft:mob_kills":129,"minecraft:interact_with_crafting_table":44,"minecraft:open_barrel":36,"minecraft:damage_dealt_resisted":140,"minecraft:leave_game":5,"minecraft:time_since_death":4547,"minecraft:climb_one_cm":8533,"minecraft:sprint_one_cm":385802,"minecraft:walk_one_cm":393470,"minecraft:damage_blocked_by_shield":530,"minecraft:drop":10,"minecraft:play_time":193287,"minecraft:deaths":13,"minecraft:sneak_time":2230,"minecraft:walk_under_water_one_cm":10243,"minecraft:jump":2744,"minecraft:walk_on_water_one_cm":17193,"minecraft:total_world_time":193287,"minecraft:interact_with_furnace":42,"minecraft:tune_noteblock":1,"minecraft:time_since_rest":4190,"minecraft:waystone_activated":1,"minecraft:damage_taken":6738,"minecraft:trigger_trapped_chest":4,"minecraft:damage_dealt":25914,"minecraft:swim_one_cm":37994,"minecraft:fly_one_cm":504642,"minecraft:open_chest":66,"minecraft:crouch_one_cm":474,"tombstone:undead_killed":79,"minecraft:interact_with_smoker":1,"minecraft:fall_one_cm":76191},"minecraft:killed_by":{"undead_revamp2:thewolf":1,"enemyexpansion:trollenraged":1,"born_in_chaos_v1:baby_skeleton":1,"undead_revamp2:clogger":1,"minecraft:skeleton":2,"minecraft:zombie":1,"enemyexpansion:direwolf":1,"born_in_chaos_v1:dread_hound":1,"enemyexpansion:invisicreeper":1},"minecraft:used":{"gobber2:gobber2_goo":5,"minecraft:flint_and_steel":8,"gobber2:gobber2_gooey_bread":4,"minecraft:shield":32,"minecraft:iron_sword":117,"simpletomb:grave_key":1,"minecraft:stick":1,"minecraft:wooden_axe":19,"minecraft:iron_axe":166,"easy_hammers:iron_hammer":22,"gobber2:gobber2_gooey_beef":3,"minecraft:furnace":4,"tombstone:gift":4,"minecraft:cooked_beef":1,"minecraft:cobbled_deepslate":14,"minecraft:cooked_mutton":6,"tombstone:scroll_of_knowledge":5,"minecraft:stone_pickaxe":22,"minecraft:oak_planks":2,"minecraft:wooden_pickaxe":31,"minecraft:crafting_table":10,"minecraft:diamond_pickaxe":11,"minecraft:bread":17,"born_in_chaos_v1:monster_flesh":1,"minecraft:iron_pickaxe":142,"minecraft:cobblestone":7,"minecraft:cooked_porkchop":5,"minecraft:bucket":3,"born_in_chaos_v1:wood_splitter_axe":130,"minecraft:experience_bottle":1},"minecraft:crafted":{"hangglider:glider_framework":1,"easy_hammers:iron_hammer":1,"minecraft:oak_planks":90,"hangglider:hang_glider":1,"minecraft:furnace":2,"hangglider:glider_wing":2,"minecraft:cooked_mutton":6,"quark:dark_oak_chest":1,"minecraft:iron_boots":1,"minecraft:leather":15,"minecraft:iron_axe":2,"minecraft:stone_pickaxe":1,"minecraft:dark_oak_planks":12,"sophisticatedbackpacks:iron_backpack":1,"minecraft:wheat":99,"sophisticatedbackpacks:backpack":1,"minecraft:crafting_table":3,"minecraft:wooden_pickaxe":1,"minecraft:iron_helmet":1,"minecraft:iron_sword":1,"sophisticatedbackpacks:gold_backpack":1,"minecraft:gold_block":3,"minecraft:bucket":1,"minecraft:stone_axe":1,"minecraft:bread":32,"minecraft:iron_chestplate":1,"minecraft:golden_leggings":1,"minecraft:shield":1,"minecraft:stick":28,"quark:oak_chest":1,"minecraft:iron_ingot":54,"minecraft:iron_pickaxe":1,"minecraft:wooden_axe":1,"minecraft:iron_block":7,"minecraft:iron_leggings":1},"minecraft:dropped":{"minecraft:cherry_log":2,"minecraft:stick":2,"minecraft:gray_wool":1,"minecraft:iron_axe":1,"minecraft:bone":1,"minecraft:rotten_flesh":1,"minecraft:light_gray_wool":1,"minecraft:flint_and_steel":1,"minecraft:diamond_pickaxe":1,"minecraft:black_wool":1},"minecraft:mined":{"minecraft:dark_oak_planks":1,"minecraft:white_bed":1,"iceandfire:silver_ore":2,"biomesoplenty:desert_grass":1,"minecraft:red_nether_bricks":3,"born_in_chaos_v1:infected_diamond_ore":1,"gobber2:gobber2_ore_deepslate":14,"gobber2:gobber2_lucky_block":28,"minecraft:sandstone":3,"biomesoplenty:dune_grass":2,"luminousworld:savanna_grass_2":1,"minecraft:spawner":14,"minecraft:hay_block":62,"minecraft:furnace":3,"minecraft:iron_ore":41,"minecraft:cobbled_deepslate":1,"minecraft:andesite":1,"minecraft:black_concrete":1,"minecraft:deepslate_lapis_ore":1,"minecraft:gold_block":2,"minecraft:dark_oak_stairs":1,"minecraft:bookshelf":1,"supplementaries:stick":1,"minecraft:deepslate_iron_ore":28,"minecraft:oak_stairs":2,"minecraft:stone":58,"minecraft:iron_block":1,"minecraft:cake":1,"minecraft:oak_slab":2,"minecraft:acacia_leaves":1,"minecraft:basalt":1,"minecraft:crafting_table":7,"born_in_chaos_v1:infected_deepslate_diamond_ore":1,"minecraft:dark_oak_wood":3,"regions_unexplored:small_desert_shrub":1,"minecraft:crimson_slab":1,"minecraft:dead_bush":3,"minecraft:stone_slab":1,"minecraft:tall_grass":1,"minecraft:copper_ore":1,"biomesoplenty:sprout":2,"minecraft:lapis_ore":2,"minecraft:oak_planks":3,"minecraft:crimson_stairs":1,"minecraft:lime_bed":1,"minecraft:tnt":1,"gobber2:gobber2_lucky_block_deepslate":7,"minecraft:grass":9,"minecraft:coal_ore":5,"minecraft:oak_log":23,"minecraft:gravel":1,"minecraft:sand":5,"minecraft:cobweb":18,"minecraft:tripwire_hook":4},"minecraft:broken":{"minecraft:iron_boots":1,"minecraft:iron_helmet":1},"minecraft:killed":{"enemyexpansion:trollenraged":1,"born_in_chaos_v1:zombie_clown":2,"born_in_chaos_v1:zombie_lumberjack":3,"born_in_chaos_v1:restless_spirit":1,"born_in_chaos_v1:zombie_clown_not_despawn":1,"minecraft:spider":1,"enemyexpansion:equestrian":1,"undead_revamp2:axestrom":2,"enemyexpansion:direwolf":1,"born_in_chaos_v1:siamese_skeletonsright":1,"born_in_chaos_v1:maggot":7,"endermanoverhaul:scarab":3,"minecraft:skeleton":19,"minecraft:horse":3,"enemyexpansion:faller":1,"endermanoverhaul:desert_enderman":1,"born_in_chaos_v1:skeleton_thrasher":1,"minecraft:piglin_brute":1,"luminousworld:savannah_zombie":1,"alexsmobs:kangaroo":1,"minecraft:husk":5,"earthmobsmod:bouldering_zombie":2,"minecraft:pig":1,"born_in_chaos_v1:diamond_termite":3,"born_in_chaos_v1:baby_skeleton":2,"undead_revamp2:the_moonflower":6,"born_in_chaos_v1:decrepit_skeleton":2,"minecraft:sheep":5,"born_in_chaos_v1:bloody_gadfly":1,"enemyexpansion:meature":1,"minecraft:zombie":29,"iceandfire:ghost":2,"born_in_chaos_v1:dread_hound":3,"enemyexpansion:vampire":1,"born_in_chaos_v1:corpse_fly":1,"earthmobsmod:horned_sheep":3,"enemyexpansion:wasp":2,"minecraft:cow":4}},"DataVersion":3465}