{"stats":{"minecraft:picked_up":{"minecraft:crafting_table":3,"minecraft:basalt":1,"minecraft:cooked_beef":1,"born_in_chaos_v1:monster_flesh":1,"gobber2:gobber2_gooey_beefstew":2,"minecraft:oak_log":9,"minecraft:gunpowder":2,"minecraft:raw_copper":5,"minecraft:bone":2,"gobber2:gobber2_gooey_beef":3,"minecraft:light_gray_wool":2,"minecraft:oak_planks":1,"gobber2:gobber2_gooey_bread":4,"minecraft:furnace":1,"minecraft:raw_iron":52,"evenmoreinstruments:saxophone":1,"minecraft:stick":1,"minecraft:gravel":1,"tombstone:grave_dust":2,"minecraft:arrow":1,"minecraft:gray_wool":2,"minecraft:oak_sapling":2,"minecraft:black_wool":2,"minecraft:mutton":6,"minecraft:coal":5,"gobber2:gobber2_goo":2,"minecraft:white_wool":2,"minecraft:cobblestone":49},"minecraft:used":{"minecraft:stone_pickaxe":22,"minecraft:oak_planks":2,"minecraft:wooden_pickaxe":31,"simpletomb:grave_key":1,"minecraft:crafting_table":4,"minecraft:wooden_axe":19,"born_in_chaos_v1:monster_flesh":1,"minecraft:iron_axe":15,"minecraft:iron_pickaxe":69,"gobber2:gobber2_gooey_beef":1,"minecraft:furnace":2,"minecraft:bucket":1,"tombstone:gift":1,"minecraft:cooked_beef":1},"minecraft:mined":{"minecraft:basalt":1,"minecraft:crafting_table":3,"gobber2:gobber2_lucky_block":11,"minecraft:copper_ore":1,"minecraft:oak_planks":1,"minecraft:furnace":1,"minecraft:iron_ore":27,"minecraft:grass":2,"minecraft:oak_log":9,"minecraft:coal_ore":5,"minecraft:deepslate_iron_ore":28,"minecraft:gravel":1,"minecraft:stone":45},"minecraft:crafted":{"minecraft:oak_planks":36,"minecraft:crafting_table":1,"minecraft:wooden_pickaxe":1,"minecraft:furnace":1,"minecraft:bucket":1,"minecraft:stone_axe":1,"minecraft:iron_axe":1,"minecraft:stick":12,"minecraft:iron_ingot":17,"minecraft:iron_pickaxe":1,"minecraft:stone_pickaxe":1,"minecraft:wooden_axe":1,"minecraft:iron_leggings":1},"minecraft:dropped":{"minecraft:light_gray_wool":1,"minecraft:gray_wool":1,"minecraft:black_wool":1,"minecraft:bone":1},"minecraft:killed":{"born_in_chaos_v1:maggot":1,"minecraft:sheep":5,"minecraft:skeleton":3,"enemyexpansion:vampire":1},"minecraft:custom":{"minecraft:interact_with_furnace":12,"minecraft:mob_kills":10,"minecraft:interact_with_crafting_table":8,"minecraft:leave_game":1,"minecraft:time_since_death":5030,"minecraft:climb_one_cm":407,"minecraft:time_since_rest":4870,"minecraft:sprint_one_cm":47307,"minecraft:damage_taken":950,"minecraft:walk_one_cm":59672,"minecraft:drop":4,"minecraft:damage_dealt":1824,"minecraft:swim_one_cm":6376,"minecraft:fly_one_cm":61789,"minecraft:crouch_one_cm":90,"minecraft:play_time":37159,"tombstone:undead_killed":4,"minecraft:deaths":3,"minecraft:sneak_time":12,"minecraft:walk_under_water_one_cm":395,"minecraft:jump":435,"minecraft:walk_on_water_one_cm":1912,"minecraft:total_world_time":37159,"minecraft:fall_one_cm":12647},"minecraft:killed_by":{"enemyexpansion:direwolf":1,"born_in_chaos_v1:dread_hound":1}},"DataVersion":3465}