{"stats":{"minecraft:picked_up":{"minecraft:raw_iron":10,"evenmoreinstruments:saxophone":1,"minecraft:stick":1,"minecraft:crafting_table":2,"minecraft:cooked_beef":1,"born_in_chaos_v1:monster_flesh":1,"minecraft:oak_log":9,"minecraft:bone":1,"minecraft:arrow":1,"minecraft:gray_wool":2,"minecraft:light_gray_wool":2,"minecraft:oak_sapling":2,"minecraft:black_wool":2,"minecraft:mutton":6,"minecraft:oak_planks":1,"minecraft:coal":3,"minecraft:white_wool":2,"minecraft:cobblestone":34},"minecraft:used":{"minecraft:wooden_axe":19,"born_in_chaos_v1:monster_flesh":1,"minecraft:stone_pickaxe":16,"minecraft:oak_planks":2,"minecraft:wooden_pickaxe":31,"simpletomb:grave_key":1,"minecraft:crafting_table":2,"minecraft:furnace":1,"minecraft:cooked_beef":1},"minecraft:mined":{"minecraft:iron_ore":12,"minecraft:crafting_table":2,"minecraft:grass":2,"minecraft:coal_ore":3,"minecraft:oak_log":9,"minecraft:stone":30,"minecraft:oak_planks":1},"minecraft:crafted":{"minecraft:oak_planks":36,"minecraft:crafting_table":1,"minecraft:stick":8,"minecraft:wooden_pickaxe":1,"minecraft:stone_pickaxe":1,"minecraft:wooden_axe":1,"minecraft:furnace":1,"minecraft:stone_axe":1},"minecraft:dropped":{"minecraft:gray_wool":1,"minecraft:light_gray_wool":1,"minecraft:black_wool":1,"minecraft:bone":1},"minecraft:killed":{"minecraft:skeleton":1,"minecraft:sheep":5},"minecraft:custom":{"minecraft:time_since_rest":2313,"minecraft:interact_with_furnace":1,"minecraft:sprint_one_cm":33001,"minecraft:damage_taken":620,"minecraft:walk_one_cm":36385,"minecraft:mob_kills":6,"minecraft:drop":4,"minecraft:damage_dealt":719,"minecraft:interact_with_crafting_table":2,"minecraft:swim_one_cm":6376,"minecraft:fly_one_cm":47000,"tombstone:undead_killed":1,"minecraft:crouch_one_cm":90,"minecraft:play_time":26338,"minecraft:deaths":2,"minecraft:sneak_time":12,"minecraft:walk_under_water_one_cm":395,"minecraft:jump":236,"minecraft:leave_game":1,"minecraft:time_since_death":2495,"minecraft:walk_on_water_one_cm":1912,"minecraft:climb_one_cm":407,"minecraft:total_world_time":26338,"minecraft:fall_one_cm":8493},"minecraft:killed_by":{"enemyexpansion:direwolf":1,"born_in_chaos_v1:dread_hound":1}},"DataVersion":3465}