{"stats":{"minecraft:used":{"minecraft:cooked_mutton":5,"minecraft:stone_pickaxe":22,"minecraft:oak_planks":2,"minecraft:shield":1,"minecraft:wooden_pickaxe":31,"simpletomb:grave_key":1,"minecraft:crafting_table":4,"minecraft:wooden_axe":19,"minecraft:iron_axe":57,"born_in_chaos_v1:monster_flesh":1,"minecraft:iron_pickaxe":77,"gobber2:gobber2_gooey_beef":1,"minecraft:furnace":3,"minecraft:bucket":3,"tombstone:gift":1,"minecraft:cooked_beef":1},"minecraft:killed":{"minecraft:pig":1,"undead_revamp2:the_moonflower":1,"born_in_chaos_v1:maggot":1,"endermanoverhaul:scarab":3,"minecraft:sheep":5,"minecraft:skeleton":5,"endermanoverhaul:desert_enderman":1,"minecraft:zombie":1,"iceandfire:ghost":1,"enemyexpansion:vampire":1,"earthmobsmod:horned_sheep":3},"minecraft:dropped":{"minecraft:light_gray_wool":1,"minecraft:gray_wool":1,"minecraft:black_wool":1,"minecraft:bone":1},"minecraft:mined":{"iceandfire:silver_ore":1,"biomesoplenty:desert_grass":1,"minecraft:basalt":1,"minecraft:crafting_table":4,"regions_unexplored:small_desert_shrub":1,"gobber2:gobber2_lucky_block":11,"minecraft:copper_ore":1,"biomesoplenty:sprout":1,"minecraft:oak_planks":1,"minecraft:sandstone":3,"biomesoplenty:dune_grass":2,"minecraft:furnace":3,"minecraft:iron_ore":27,"minecraft:gold_block":1,"minecraft:grass":5,"minecraft:oak_log":9,"minecraft:coal_ore":5,"minecraft:deepslate_iron_ore":28,"minecraft:gravel":1,"minecraft:sand":5,"minecraft:stone":45},"minecraft:custom":{"minecraft:interact_with_furnace":33,"minecraft:mob_kills":23,"minecraft:interact_with_crafting_table":19,"minecraft:leave_game":3,"minecraft:time_since_death":5790,"minecraft:climb_one_cm":407,"minecraft:time_since_rest":5423,"minecraft:sprint_one_cm":111750,"minecraft:damage_taken":1652,"minecraft:walk_one_cm":98272,"minecraft:damage_blocked_by_shield":10,"minecraft:trigger_trapped_chest":1,"minecraft:drop":4,"minecraft:damage_dealt":4326,"minecraft:swim_one_cm":21243,"minecraft:fly_one_cm":143795,"minecraft:open_chest":1,"minecraft:crouch_one_cm":92,"minecraft:play_time":62952,"tombstone:undead_killed":9,"minecraft:deaths":4,"minecraft:sneak_time":75,"minecraft:walk_under_water_one_cm":1189,"minecraft:jump":918,"minecraft:walk_on_water_one_cm":2388,"minecraft:total_world_time":62952,"minecraft:fall_one_cm":26205},"minecraft:crafted":{"minecraft:oak_planks":36,"minecraft:crafting_table":1,"minecraft:wooden_pickaxe":1,"minecraft:iron_helmet":1,"minecraft:furnace":2,"minecraft:bucket":1,"minecraft:stone_axe":1,"minecraft:cooked_mutton":6,"minecraft:iron_chestplate":1,"minecraft:iron_boots":1,"minecraft:shield":1,"minecraft:iron_axe":1,"minecraft:stick":12,"minecraft:iron_ingot":54,"minecraft:iron_pickaxe":1,"minecraft:stone_pickaxe":1,"minecraft:wooden_axe":1,"minecraft:iron_leggings":1},"minecraft:picked_up":{"minecraft:sponge":4,"minecraft:crafting_table":4,"minecraft:cooked_beef":1,"minecraft:basalt":1,"born_in_chaos_v1:monster_flesh":1,"gobber2:gobber2_gooey_beefstew":2,"minecraft:gold_block":1,"minecraft:oak_log":9,"minecraft:gunpowder":2,"minecraft:string":4,"minecraft:raw_copper":5,"minecraft:bone":7,"gobber2:gobber2_gooey_beef":3,"minecraft:light_gray_wool":2,"minecraft:oak_planks":1,"gobber2:gobber2_gooey_bread":4,"minecraft:furnace":3,"minecraft:stick":1,"evenmoreinstruments:saxophone":1,"minecraft:raw_iron":52,"minecraft:sandstone":17,"iceandfire:dragonbone":27,"minecraft:gravel":1,"iceandfire:dragon_skull_fire":1,"minecraft:porkchop":3,"minecraft:sand":3,"tombstone:grave_dust":3,"minecraft:redstone":8,"minecraft:arrow":5,"minecraft:rotten_flesh":5,"minecraft:gray_wool":2,"minecraft:gold_ingot":4,"tombstone:essence_of_undeath":1,"minecraft:oak_sapling":2,"minecraft:black_wool":2,"minecraft:mutton":10,"iceandfire:raw_silver":1,"minecraft:coal":5,"gobber2:gobber2_goo":2,"minecraft:white_wool":5,"minecraft:cobblestone":49},"minecraft:killed_by":{"enemyexpansion:direwolf":1,"born_in_chaos_v1:dread_hound":1,"undead_revamp2:clogger":1}},"DataVersion":3465}