{"stats":{"minecraft:picked_up":{"evenmoreinstruments:saxophone":1,"minecraft:stick":1,"minecraft:crafting_table":1,"minecraft:cooked_beef":1,"born_in_chaos_v1:monster_flesh":1,"minecraft:oak_log":9,"minecraft:gray_wool":1,"minecraft:light_gray_wool":1,"minecraft:oak_sapling":2,"minecraft:black_wool":1,"minecraft:mutton":6,"minecraft:oak_planks":1,"minecraft:coal":3,"minecraft:white_wool":2,"minecraft:cobblestone":19},"minecraft:used":{"minecraft:wooden_axe":15,"minecraft:oak_planks":1,"minecraft:wooden_pickaxe":22,"minecraft:crafting_table":2},"minecraft:mined":{"minecraft:crafting_table":1,"minecraft:grass":2,"minecraft:coal_ore":3,"minecraft:oak_log":9,"minecraft:stone":19,"minecraft:oak_planks":1},"minecraft:crafted":{"minecraft:oak_planks":16,"minecraft:crafting_table":1,"minecraft:stick":8,"minecraft:wooden_pickaxe":1,"minecraft:stone_pickaxe":1,"minecraft:wooden_axe":1,"minecraft:furnace":1,"minecraft:stone_axe":1},"minecraft:dropped":{"minecraft:light_gray_wool":1},"minecraft:killed":{"minecraft:sheep":5},"minecraft:custom":{"minecraft:time_since_rest":8286,"minecraft:sprint_one_cm":11870,"minecraft:damage_taken":280,"minecraft:walk_one_cm":15636,"minecraft:mob_kills":5,"minecraft:drop":1,"minecraft:damage_dealt":444,"minecraft:interact_with_crafting_table":2,"minecraft:swim_one_cm":6376,"minecraft:fly_one_cm":20005,"minecraft:crouch_one_cm":90,"minecraft:play_time":17984,"minecraft:deaths":1,"minecraft:sneak_time":12,"minecraft:walk_under_water_one_cm":395,"minecraft:jump":107,"minecraft:time_since_death":10269,"minecraft:walk_on_water_one_cm":1709,"minecraft:climb_one_cm":407,"minecraft:total_world_time":17984,"minecraft:fall_one_cm":1370},"minecraft:killed_by":{"born_in_chaos_v1:dread_hound":1}},"DataVersion":3465}