{"stats":{"minecraft:used":{"minecraft:cooked_mutton":6,"minecraft:stone_pickaxe":22,"minecraft:oak_planks":2,"gobber2:gobber2_gooey_bread":2,"minecraft:shield":21,"minecraft:wooden_pickaxe":31,"simpletomb:grave_key":1,"minecraft:crafting_table":4,"minecraft:wooden_axe":19,"minecraft:iron_axe":98,"born_in_chaos_v1:monster_flesh":1,"minecraft:iron_pickaxe":84,"gobber2:gobber2_gooey_beef":3,"minecraft:furnace":3,"minecraft:bucket":3,"tombstone:gift":1,"minecraft:cooked_beef":1},"minecraft:killed":{"minecraft:pig":1,"undead_revamp2:the_moonflower":3,"born_in_chaos_v1:maggot":1,"endermanoverhaul:scarab":3,"minecraft:sheep":5,"minecraft:skeleton":5,"endermanoverhaul:desert_enderman":1,"minecraft:zombie":13,"iceandfire:ghost":1,"enemyexpansion:vampire":1,"earthmobsmod:horned_sheep":3},"minecraft:dropped":{"minecraft:rotten_flesh":1,"minecraft:light_gray_wool":1,"minecraft:gray_wool":1,"minecraft:black_wool":1,"minecraft:bone":1},"minecraft:mined":{"iceandfire:silver_ore":1,"biomesoplenty:desert_grass":1,"minecraft:basalt":1,"minecraft:crafting_table":4,"regions_unexplored:small_desert_shrub":1,"gobber2:gobber2_lucky_block":11,"minecraft:copper_ore":1,"biomesoplenty:sprout":1,"minecraft:oak_planks":1,"minecraft:sandstone":3,"biomesoplenty:dune_grass":2,"minecraft:spawner":6,"minecraft:furnace":3,"minecraft:iron_ore":27,"minecraft:gold_block":2,"minecraft:grass":5,"minecraft:oak_log":9,"minecraft:coal_ore":5,"minecraft:deepslate_iron_ore":28,"minecraft:gravel":1,"minecraft:sand":5,"minecraft:stone":45},"minecraft:custom":{"minecraft:interact_with_furnace":33,"minecraft:mob_kills":38,"minecraft:interact_with_crafting_table":19,"minecraft:leave_game":3,"minecraft:time_since_death":1406,"minecraft:climb_one_cm":407,"minecraft:time_since_rest":1226,"minecraft:sprint_one_cm":143381,"minecraft:damage_taken":2315,"minecraft:walk_one_cm":137160,"minecraft:damage_blocked_by_shield":245,"minecraft:trigger_trapped_chest":1,"minecraft:drop":5,"minecraft:damage_dealt":7944,"minecraft:swim_one_cm":21821,"minecraft:fly_one_cm":176001,"minecraft:open_chest":8,"minecraft:crouch_one_cm":243,"minecraft:play_time":74952,"tombstone:undead_killed":23,"minecraft:deaths":5,"minecraft:sneak_time":75,"minecraft:walk_under_water_one_cm":2041,"minecraft:jump":1116,"minecraft:walk_on_water_one_cm":3147,"minecraft:total_world_time":74952,"minecraft:fall_one_cm":30120},"minecraft:crafted":{"minecraft:oak_planks":36,"minecraft:crafting_table":1,"minecraft:wooden_pickaxe":1,"minecraft:iron_helmet":1,"minecraft:furnace":2,"minecraft:bucket":1,"minecraft:stone_axe":1,"minecraft:cooked_mutton":6,"minecraft:iron_chestplate":1,"minecraft:iron_boots":1,"minecraft:shield":1,"minecraft:iron_axe":1,"minecraft:stick":12,"minecraft:iron_ingot":54,"minecraft:iron_pickaxe":1,"minecraft:stone_pickaxe":1,"minecraft:wooden_axe":1,"minecraft:iron_leggings":1},"minecraft:picked_up":{"minecraft:sponge":4,"minecraft:crafting_table":4,"minecraft:cooked_beef":1,"minecraft:basalt":1,"born_in_chaos_v1:monster_flesh":1,"gobber2:gobber2_gooey_beefstew":2,"minecraft:gold_block":2,"paraglider:spirit_orb":10,"minecraft:oak_log":9,"minecraft:gunpowder":2,"minecraft:string":4,"minecraft:raw_copper":5,"minecraft:iron_leggings":1,"minecraft:bone":7,"gobber2:gobber2_gooey_beef":3,"minecraft:light_gray_wool":2,"minecraft:oak_planks":1,"gobber2:gobber2_gooey_bread":4,"minecraft:furnace":3,"minecraft:stick":1,"evenmoreinstruments:saxophone":1,"minecraft:raw_iron":52,"minecraft:sandstone":17,"iceandfire:dragonbone":27,"minecraft:gravel":1,"iceandfire:dragon_skull_fire":1,"minecraft:porkchop":3,"minecraft:sand":3,"tombstone:grave_dust":3,"minecraft:redstone":8,"minecraft:bundle":1,"minecraft:polished_andesite":2,"minecraft:arrow":5,"minecraft:rotten_flesh":18,"minecraft:gray_wool":2,"minecraft:gold_ingot":4,"tombstone:essence_of_undeath":1,"minecraft:oak_sapling":2,"minecraft:black_wool":2,"minecraft:mutton":10,"iceandfire:raw_silver":1,"minecraft:coal":5,"gobber2:gobber2_goo":2,"minecraft:white_wool":5,"minecraft:cobblestone":49},"minecraft:killed_by":{"minecraft:zombie":1,"enemyexpansion:direwolf":1,"born_in_chaos_v1:dread_hound":1,"undead_revamp2:clogger":1}},"DataVersion":3465}