{"stats":{"minecraft:picked_up":{"minecraft:rotten_flesh":2,"minecraft:music_disc_stal":9,"supplementaries:flute":1,"minecraft:redstone":3,"minecraft:music_disc_cat":1,"evenmoreinstruments:trombone":1},"minecraft:used":{"minecraft:redstone_torch":7,"minecraft:music_disc_stal":8,"alexsmobs:tendon_whip":5,"minecraft:music_disc_cat":1,"minecraft:redstone":21,"evenmoreinstruments:looper":5,"framedblocks:framed_redstone_torch":1,"supplementaries:speaker_block":8,"minecraft:jukebox":4},"minecraft:dropped":{"evenmoreinstruments:trombone":1,"supplementaries:flute":1},"minecraft:killed":{"minecraft:zombie":1},"minecraft:custom":{"minecraft:time_since_rest":36142,"minecraft:crouch_one_cm":693,"minecraft:walk_one_cm":51826,"minecraft:play_time":39251,"minecraft:sprint_one_cm":10973,"minecraft:damage_taken":360,"tombstone:undead_killed":1,"minecraft:deaths":1,"minecraft:sneak_time":873,"minecraft:walk_under_water_one_cm":7655,"minecraft:mob_kills":1,"minecraft:drop":2,"minecraft:jump":105,"minecraft:damage_dealt":199,"minecraft:play_record":9,"minecraft:time_since_death":38541,"minecraft:walk_on_water_one_cm":211,"minecraft:total_world_time":39251,"minecraft:swim_one_cm":11891,"minecraft:fall_one_cm":335,"minecraft:fly_one_cm":53006},"minecraft:killed_by":{"born_in_chaos_v1:maggot":1}},"DataVersion":3465}