{"stats":{"minecraft:picked_up":{"evenmoreinstruments:saxophone":1,"evenmoreinstruments:record_writable":1,"minecraft:music_disc_stal":12,"supplementaries:flute":1,"minecraft:redstone":3,"minecraft:music_disc_cat":1,"minecraft:rotten_flesh":2,"minecraft:wheat_seeds":2,"evenmoreinstruments:trombone":1},"minecraft:used":{"minecraft:redstone_torch":7,"minecraft:flint_and_steel":3,"minecraft:redstone":21,"evenmoreinstruments:looper":5,"minecraft:ender_pearl":3,"supplementaries:speaker_block":8,"minecraft:music_disc_stal":11,"alexsmobs:tendon_whip":5,"minecraft:music_disc_cat":1,"supplementaries:bomb":9,"minecraft:jukebox":4,"framedblocks:framed_redstone_torch":1,"minecraft:obsidian":38},"minecraft:dropped":{"evenmoreinstruments:trombone":1,"evenmoreinstruments:saxophone":2,"supplementaries:flute":1},"minecraft:killed":{"minecraft:zombie":1},"minecraft:custom":{"minecraft:time_since_rest":3164,"minecraft:sprint_one_cm":28766,"minecraft:damage_taken":625,"minecraft:walk_one_cm":91219,"minecraft:mob_kills":1,"minecraft:drop":4,"minecraft:damage_dealt":209,"minecraft:play_record":12,"minecraft:swim_one_cm":11891,"minecraft:fly_one_cm":105790,"minecraft:player_kills":4,"minecraft:crouch_one_cm":980,"minecraft:play_time":60340,"tombstone:undead_killed":1,"minecraft:deaths":2,"minecraft:sneak_time":1256,"minecraft:walk_under_water_one_cm":24882,"minecraft:jump":239,"minecraft:leave_game":1,"minecraft:walk_on_water_one_cm":2677,"minecraft:time_since_death":3448,"minecraft:total_world_time":60340,"minecraft:climb_one_cm":42,"minecraft:fall_one_cm":753},"minecraft:killed_by":{"minecraft:player":1,"born_in_chaos_v1:maggot":1}},"DataVersion":3465}