{"stats":{"minecraft:picked_up":{"minecraft:rotten_flesh":2,"supplementaries:flute":1,"evenmoreinstruments:trombone":1},"minecraft:used":{"alexsmobs:tendon_whip":5},"minecraft:dropped":{"evenmoreinstruments:trombone":1,"supplementaries:flute":1},"minecraft:killed":{"minecraft:zombie":1},"minecraft:custom":{"minecraft:time_since_rest":24142,"minecraft:crouch_one_cm":4,"minecraft:walk_one_cm":23477,"minecraft:play_time":27251,"minecraft:sprint_one_cm":10053,"minecraft:damage_taken":360,"tombstone:undead_killed":1,"minecraft:deaths":1,"minecraft:sneak_time":385,"minecraft:walk_under_water_one_cm":7655,"minecraft:mob_kills":1,"minecraft:drop":2,"minecraft:jump":69,"minecraft:damage_dealt":199,"minecraft:time_since_death":26541,"minecraft:walk_on_water_one_cm":211,"minecraft:total_world_time":27251,"minecraft:swim_one_cm":11891,"minecraft:fall_one_cm":335,"minecraft:fly_one_cm":52244},"minecraft:killed_by":{"born_in_chaos_v1:maggot":1}},"DataVersion":3465}