{"stats":{"minecraft:picked_up":{"evenmoreinstruments:saxophone":1,"evenmoreinstruments:record_writable":1,"minecraft:rotten_flesh":2,"minecraft:music_disc_stal":12,"supplementaries:flute":1,"minecraft:redstone":3,"minecraft:music_disc_cat":1,"evenmoreinstruments:trombone":1},"minecraft:used":{"minecraft:redstone_torch":7,"minecraft:music_disc_stal":11,"alexsmobs:tendon_whip":5,"minecraft:music_disc_cat":1,"minecraft:flint_and_steel":2,"minecraft:redstone":21,"evenmoreinstruments:looper":5,"minecraft:obsidian":38,"framedblocks:framed_redstone_torch":1,"supplementaries:speaker_block":8,"minecraft:jukebox":4},"minecraft:dropped":{"evenmoreinstruments:trombone":1,"supplementaries:flute":1,"evenmoreinstruments:saxophone":2},"minecraft:killed":{"minecraft:zombie":1},"minecraft:custom":{"minecraft:time_since_rest":48142,"minecraft:crouch_one_cm":944,"minecraft:walk_one_cm":69116,"minecraft:play_time":51251,"minecraft:sprint_one_cm":15251,"minecraft:damage_taken":360,"tombstone:undead_killed":1,"minecraft:deaths":1,"minecraft:sneak_time":1229,"minecraft:walk_under_water_one_cm":24882,"minecraft:mob_kills":1,"minecraft:drop":4,"minecraft:jump":158,"minecraft:damage_dealt":199,"minecraft:play_record":12,"minecraft:time_since_death":50541,"minecraft:walk_on_water_one_cm":2601,"minecraft:total_world_time":51251,"minecraft:swim_one_cm":11891,"minecraft:fall_one_cm":335,"minecraft:fly_one_cm":74845},"minecraft:killed_by":{"born_in_chaos_v1:maggot":1}},"DataVersion":3465}