{"stats":{"minecraft:picked_up":{"minecraft:wooden_axe":1,"minecraft:iron_chestplate":2,"minecraft:wheat":352,"iceandfire:copper_sword":1,"minecraft:flower_pot":1,"minecraft:anvil":1,"minecraft:enchanted_book":4,"minecraft:string":22,"minecraft:raw_copper":4,"minecraft:iron_leggings":1,"minecraft:experience_bottle":1,"minecraft:red_sand":4,"minecraft:gold_nugget":18,"minecraft:cobbled_deepslate":618,"minecraft:redstone_torch":2,"minecraft:melon_slice":92,"minecraft:coal_block":8,"minecraft:iron_boots":1,"minecraft:furnace":4,"minecraft:stick":4,"iceandfire:ghost_chest":2,"born_in_chaos_v1:shattered_skull":1,"minecraft:torch":41,"minecraft:green_bed":3,"minecraft:golden_axe":1,"tombstone:grave_dust":3,"minecraft:diorite":5,"born_in_chaos_v1:nightmare_claw":1,"minecraft:rabbit_foot":2,"minecraft:yellow_banner":1,"gobber2:gobber2_foo":6,"minecraft:cactus":4,"minecraft:rotten_flesh":91,"minecraft:white_terracotta":1,"supplementaries:ash":25,"minecraft:iron_bars":1,"minecraft:cobblestone":195,"minecraft:feather":3,"minecraft:cooked_beef":7,"minecraft:andesite":1,"minecraft:jungle_log":12,"minecraft:smoker":2,"paraglider:spirit_orb":6,"minecraft:flint":1,"minecraft:tuff":69,"supplementaries:flax_seeds":3,"minecraft:lapis_lazuli":122,"minecraft:dirt":242,"born_in_chaos_v1:monster_skin":2,"minecraft:bone":48,"minecraft:chipped_anvil":2,"undead_revamp2:blacpetalblock":1,"quark:dark_oak_trapped_chest":1,"gobber2:gobber2_gooey_beef":7,"minecraft:wheat_seeds":575,"minecraft:raw_gold":16,"minecraft:grindstone":2,"gobber2:gobber2_globette":140,"minecraft:rabbit":2,"gobber2:gobber2_gooey_bread":12,"minecraft:black_terracotta":1,"ecologics:prickly_pear":1,"minecraft:jungle_planks":16,"minecraft:sand":9,"minecraft:dead_bush":1,"sophisticatedbackpacks:jukebox_upgrade":1,"minecraft:grass_block":1,"minecraft:trapped_chest":1,"minecraft:barrel":1,"minecraft:bundle":1,"minecraft:diamond":32,"waystones:waystone":1,"minecraft:golden_apple":1,"minecraft:emerald":9,"minecraft:spruce_sign":1,"minecraft:bread":1,"minecraft:chiseled_red_sandstone":4,"iceandfire:silver_nugget":10,"gobber2:gobber2_goo":14,"iceandfire:raw_silver":8,"minecraft:diamond_pickaxe":2,"minecraft:charcoal":2,"luminousworld:groundpebbles_1":1,"born_in_chaos_v1:diamond_termite_shard":3,"minecraft:crafting_table":15,"quark:white_corundum_cluster":1,"minecraft:golden_pickaxe":1,"luminousworld:soawwhytb":2,"minecraft:wooden_pickaxe":1,"minecraft:gold_block":1,"minecraft:chain":1,"minecraft:iron_axe":1,"minecraft:item_frame":7,"minecraft:iron_shovel":1,"paraglider:rito_goddess_statue":1,"minecraft:beef":1,"sawmill:sawmill":1,"born_in_chaos_v1:gnawed_bones":2,"minecraft:poppy":12,"minecraft:sugar_cane":9,"minecraft:piston":1,"minecraft:raw_iron":190,"quark:green_corundum_cluster":6,"bygonenether:cobbled_blackstone":63,"minecraft:copper_ingot":5,"iceandfire:deathworm_chitin_red":6,"minecraft:cookie":12,"minecraft:redstone":76,"minecraft:tnt":5,"iceandfire:silver_ingot":3,"minecraft:arrow":8,"minecraft:pumpkin_pie":1,"minecraft:hay_block":54,"minecraft:saddle":1,"minecraft:gold_ingot":3,"paraglider:horned_statue":1,"minecraft:glow_berries":1,"minecraft:white_wool":1,"born_in_chaos_v1:fused_bone":1,"born_in_chaos_v1:corpse_maggot":2,"born_in_chaos_v1:monster_flesh":7,"minecraft:glow_ink_sac":4,"luminousworld:ishstone":7,"gobber2:gobber2_gooey_beefstew":6,"minecraft:leather":5,"minecraft:music_disc_stal":1,"minecraft:gunpowder":18,"easy_hammers:iron_hammer":1,"tombstone:gift":1,"minecraft:red_carpet":1,"minecraft:gray_carpet":2,"minecraft:stone_bricks":2,"minecraft:rabbit_hide":8,"minecraft:iron_ingot":4,"minecraft:iron_sword":1,"born_in_chaos_v1:ethereal_spirit":2,"minecraft:dandelion":2,"minecraft:gravel":10,"born_in_chaos_v1:dark_rod":2,"minecraft:amethyst_shard":4,"minecraft:blast_furnace":1,"quark:green_corundum":1,"biomesoplenty:mahogany_log":10,"minecraft:stone_axe":2,"tombstone:scroll_of_knowledge":1,"tombstone:magic_scroll":1,"minecraft:melon_seeds":2,"minecraft:coal":52,"minecraft:ender_pearl":1},"minecraft:custom":{"minecraft:interact_with_crafting_table":52,"minecraft:open_barrel":47,"goblintraders:trade_with_goblin":43,"minecraft:bell_ring":2,"minecraft:leave_game":2,"minecraft:time_since_death":1962,"minecraft:sprint_one_cm":490745,"minecraft:damage_blocked_by_shield":285,"minecraft:drop":46,"minecraft:talked_to_villager":2,"minecraft:play_time":281797,"minecraft:deaths":23,"minecraft:jump":2970,"minecraft:walk_on_water_one_cm":29436,"minecraft:interact_with_furnace":79,"minecraft:sleep_in_bed":1,"minecraft:damage_dealt":19718,"minecraft:player_kills":2,"minecraft:crouch_one_cm":1685,"tombstone:undead_killed":40,"minecraft:interact_with_anvil":1,"minecraft:mob_kills":80,"minecraft:damage_dealt_resisted":535,"minecraft:climb_one_cm":3544,"minecraft:walk_one_cm":586676,"minecraft:sneak_time":1737,"minecraft:walk_under_water_one_cm":41687,"minecraft:boat_one_cm":34530,"minecraft:interact_with_lectern":5,"minecraft:total_world_time":281797,"tombstone:raider_killed":1,"minecraft:time_since_rest":1748,"minecraft:damage_taken":9983,"minecraft:trigger_trapped_chest":1,"minecraft:swim_one_cm":22481,"minecraft:fly_one_cm":502756,"minecraft:open_chest":61,"minecraft:fall_one_cm":77981},"minecraft:killed_by":{"born_in_chaos_v1:nightmare_stalker":2,"born_in_chaos_v1:corpse_fly":1,"minecraft:zombie":3,"born_in_chaos_v1:spirit_guide_assistant":2,"enemyexpansion:invisicreeper":2,"minecraft:husk":1,"minecraft:player":5,"enemyexpansion:trollenraged":1,"minecraft:enderman":1,"enemyexpansion:vampire":1,"minecraft:skeleton":2,"enemyexpansion:botfly":1},"minecraft:used":{"gobber2:gobber2_goo":3,"gobber2:gobber2_gooey_bread":1,"minecraft:shield":13,"minecraft:iron_sword":381,"minecraft:rotten_flesh":2,"minecraft:grass_block":1,"born_in_chaos_v1:gnawed_bones":1,"minecraft:bow":8,"minecraft:furnace":5,"minecraft:stone_pickaxe":120,"minecraft:wooden_pickaxe":28,"minecraft:cookie":11,"easy_villagers:villager":21,"minecraft:melon_slice":56,"minecraft:bread":49,"tombstone:grave_key":4,"iceandfire:copper_hoe":75,"minecraft:wooden_sword":51,"simpletomb:grave_key":2,"minecraft:torch":29,"minecraft:dirt":40,"minecraft:wooden_axe":43,"minecraft:iron_axe":173,"easy_hammers:iron_hammer":185,"quark:green_corundum_cluster":1,"minecraft:iron_boots":1,"gobber2:gobber2_gooey_beef":2,"minecraft:beef":1,"minecraft:goat_horn":1,"tombstone:gift":5,"minecraft:cobbled_deepslate":125,"minecraft:water_bucket":20,"minecraft:green_bed":2,"minecraft:crafting_table":16,"minecraft:diamond_pickaxe":2,"minecraft:iron_pickaxe":169,"minecraft:bucket":22},"minecraft:crafted":{"easy_hammers:iron_hammer":1,"minecraft:iron_boots":4,"sophisticatedbackpacks:backpack":1,"minecraft:crafting_table":2,"minecraft:wooden_pickaxe":1,"minecraft:iron_helmet":2,"minecraft:copper_ingot":26,"minecraft:hay_block":26,"iceandfire:copper_hoe":1,"minecraft:iron_chestplate":3,"minecraft:shield":2,"sophisticatedbackpacks:diamond_backpack":1,"minecraft:stick":32,"minecraft:iron_pickaxe":1,"minecraft:iron_ingot":117,"minecraft:gold_ingot":37,"minecraft:wooden_sword":1,"minecraft:coal":72,"biomesoplenty:mahogany_planks":4,"quark:jungle_chest":1,"minecraft:furnace":3,"minecraft:leather":17,"minecraft:iron_axe":2,"minecraft:stone_pickaxe":1,"sophisticatedbackpacks:iron_backpack":1,"minecraft:wheat":63,"paraglider:paraglider":1,"minecraft:iron_sword":2,"sophisticatedbackpacks:gold_backpack":1,"minecraft:bucket":2,"minecraft:bread":63,"minecraft:air":0,"minecraft:jungle_planks":48,"minecraft:jungle_door":3,"minecraft:raw_gold":45,"minecraft:wooden_axe":1,"minecraft:iron_leggings":4,"minecraft:torch":20},"minecraft:dropped":{"minecraft:iron_sword":1,"iceandfire:raw_silver":2,"minecraft:cooked_beef":7,"minecraft:glow_ink_sac":4,"minecraft:jungle_planks":16,"born_in_chaos_v1:monster_flesh":6,"luminousworld:soawwhytb":1,"minecraft:dirt":141,"undead_revamp2:blacpetalblock":1,"minecraft:cobbled_deepslate":21,"minecraft:rotten_flesh":10,"supplementaries:ash":12,"born_in_chaos_v1:corpse_maggot":2,"minecraft:feather":1,"minecraft:cobblestone":30,"minecraft:coal":6,"minecraft:stick":1,"iceandfire:deathworm_chitin_red":6,"born_in_chaos_v1:gnawed_bones":1,"minecraft:diorite":5,"minecraft:torch":2,"minecraft:wooden_axe":1,"minecraft:iron_leggings":1,"minecraft:iron_axe":1,"minecraft:string":1,"minecraft:dandelion":1,"minecraft:iron_boots":1,"easy_hammers:iron_hammer":1,"minecraft:diamond_pickaxe":1,"minecraft:iron_chestplate":1,"minecraft:andesite":1,"easy_villagers:villager":1,"minecraft:wooden_pickaxe":2},"minecraft:mined":{"minecraft:attached_melon_stem":1,"minecraft:jungle_leaves":1,"paraglider:rito_goddess_statue":1,"minecraft:grass_block":1,"gobber2:gobber2_ore_deepslate":72,"quark:green_corundum_cluster":5,"gobber2:gobber2_lucky_block":6,"minecraft:jungle_log":8,"minecraft:coal_block":1,"minecraft:spawner":3,"minecraft:iron_ore":94,"minecraft:cobbled_deepslate":6,"minecraft:fire":4,"minecraft:anvil":1,"minecraft:deepslate_lapis_ore":12,"iceandfire:gold_pile":3,"minecraft:iron_bars":1,"minecraft:green_bed":3,"minecraft:deepslate_redstone_ore":13,"minecraft:blackstone":4,"minecraft:smoker":2,"biomesoplenty:wildflower":1,"minecraft:amethyst_cluster":1,"born_in_chaos_v1:infected_deepslate_diamond_ore":3,"minecraft:torch":6,"quark:white_corundum_cluster":1,"minecraft:blast_furnace":1,"minecraft:poppy":6,"minecraft:melon":20,"iceandfire:ghost_chest":2,"minecraft:dead_bush":1,"minecraft:grindstone":2,"minecraft:sugar_cane":4,"minecraft:wall_torch":14,"paraglider:horned_statue":1,"minecraft:wheat":24,"minecraft:tnt":5,"minecraft:smooth_stone_slab":1,"minecraft:grass":32,"minecraft:sand":5,"minecraft:dirt":2,"minecraft:piston":1,"minecraft:deepslate":23,"minecraft:red_carpet":1,"minecraft:tuff":1,"minecraft:yellow_wall_banner":1,"iceandfire:silver_ore":5,"minecraft:deepslate_diamond_ore":24,"biomesoplenty:desert_grass":3,"sawmill:sawmill":1,"iceandfire:deepslate_silver_ore":2,"minecraft:large_fern":2,"minecraft:hay_block":54,"minecraft:furnace":3,"minecraft:andesite":1,"minecraft:gold_block":1,"minecraft:deepslate_iron_ore":50,"minecraft:vine":7,"biomesoplenty:barley":3,"luminousworld:groundpebbles_2":1,"minecraft:stone":58,"minecraft:white_wool":1,"minecraft:crafting_table":14,"minecraft:emerald_ore":1,"minecraft:campfire":1,"minecraft:tall_grass":2,"minecraft:lapis_ore":3,"minecraft:deepslate_gold_ore":6,"minecraft:diorite":5,"supplementaries:urn":12,"minecraft:cactus":2,"biomesoplenty:mahogany_log":46,"minecraft:redstone_torch":2,"quark:green_corundum":1,"gobber2:gobber2_lucky_block_deepslate":22,"minecraft:coal_ore":26,"iceandfire:silver_pile":3,"minecraft:gravel":3,"minecraft:gray_carpet":2,"minecraft:cobweb":17,"minecraft:stone_bricks":2,"minecraft:gold_ore":2,"minecraft:chipped_anvil":2,"minecraft:fern":6},"minecraft:broken":{"minecraft:wooden_sword":1,"minecraft:iron_sword":1,"minecraft:iron_axe":1,"minecraft:iron_helmet":1},"minecraft:killed":{"earthmobsmod:jumbo_rabbit":2,"born_in_chaos_v1:restless_spirit":1,"minecraft:spider":2,"undead_revamp2:theswarmer":1,"minecraft:skeleton":5,"undead_revamp2:therod":2,"enemyexpansion:vampflyer":1,"minecraft:parrot":1,"born_in_chaos_v1:diamond_termite":3,"minecraft:zombie":11,"born_in_chaos_v1:dread_hound":2,"born_in_chaos_v1:corpse_fly":1,"alexsmobs:roadrunner":1,"enemyexpansion:trollenraged":1,"undead_revamp2:thegliter":1,"undead_revamp2:bomber":1,"enemyexpansion:direwolf":7,"alexsmobs:rattlesnake":1,"born_in_chaos_v1:zombie_bruiser":1,"born_in_chaos_v1:maggot":3,"luminousworld:pheonix":1,"naturalist:elephant":2,"born_in_chaos_v1:spirit_guide":1,"minecraft:husk":1,"born_in_chaos_v1:baby_skeleton":1,"born_in_chaos_v1:spirit_guide_assistant":5,"undead_revamp2:the_moonflower":4,"enemyexpansion:sprinter":3,"undead_revamp2:thesomnolence":1,"born_in_chaos_v1:dark_vortex":1,"born_in_chaos_v1:nightmare_stalker":1,"minecraft:enderman":1,"enemyexpansion:slugger":2}},"DataVersion":3465}