{"stats":{"minecraft:used":{"gobber2:gobber2_goo":3,"gobber2:gobber2_gooey_bread":1,"minecraft:shield":6,"minecraft:iron_sword":241,"minecraft:rotten_flesh":2,"simpletomb:grave_key":2,"minecraft:torch":13,"minecraft:dirt":40,"minecraft:wooden_axe":43,"minecraft:grass_block":1,"minecraft:iron_axe":150,"easy_hammers:iron_hammer":40,"quark:green_corundum_cluster":1,"born_in_chaos_v1:gnawed_bones":1,"gobber2:gobber2_gooey_beef":2,"minecraft:beef":1,"minecraft:goat_horn":1,"minecraft:furnace":4,"tombstone:gift":4,"minecraft:cobbled_deepslate":46,"minecraft:water_bucket":5,"minecraft:stone_pickaxe":120,"minecraft:wooden_pickaxe":28,"minecraft:green_bed":2,"minecraft:cookie":11,"minecraft:crafting_table":10,"minecraft:melon_slice":37,"minecraft:iron_pickaxe":109,"tombstone:grave_key":3,"minecraft:wooden_sword":51,"minecraft:bucket":7},"minecraft:killed":{"enemyexpansion:trollenraged":1,"earthmobsmod:jumbo_rabbit":2,"born_in_chaos_v1:restless_spirit":1,"minecraft:spider":2,"enemyexpansion:direwolf":6,"alexsmobs:rattlesnake":1,"born_in_chaos_v1:zombie_bruiser":1,"undead_revamp2:theswarmer":1,"born_in_chaos_v1:maggot":3,"luminousworld:pheonix":1,"naturalist:elephant":2,"undead_revamp2:therod":1,"born_in_chaos_v1:spirit_guide":1,"minecraft:husk":1,"minecraft:parrot":1,"born_in_chaos_v1:spirit_guide_assistant":5,"undead_revamp2:the_moonflower":3,"enemyexpansion:sprinter":1,"undead_revamp2:thesomnolence":1,"minecraft:zombie":10,"born_in_chaos_v1:dread_hound":1,"born_in_chaos_v1:corpse_fly":1,"alexsmobs:roadrunner":1,"born_in_chaos_v1:nightmare_stalker":1,"minecraft:enderman":1,"enemyexpansion:slugger":1},"minecraft:dropped":{"minecraft:iron_sword":1,"iceandfire:raw_silver":2,"minecraft:cooked_beef":7,"minecraft:glow_ink_sac":4,"minecraft:feather":1,"minecraft:cobblestone":30,"minecraft:jungle_planks":16,"minecraft:coal":6,"minecraft:stick":1,"luminousworld:soawwhytb":1,"born_in_chaos_v1:monster_flesh":6,"iceandfire:deathworm_chitin_red":6,"minecraft:dirt":141,"born_in_chaos_v1:gnawed_bones":1,"minecraft:diorite":5,"minecraft:torch":2,"minecraft:wooden_axe":1,"minecraft:iron_leggings":1,"minecraft:iron_axe":1,"undead_revamp2:blacpetalblock":1,"minecraft:string":1,"minecraft:dandelion":1,"minecraft:cobbled_deepslate":21,"minecraft:rotten_flesh":10,"minecraft:iron_boots":1,"supplementaries:ash":12,"minecraft:iron_chestplate":1,"minecraft:andesite":1,"born_in_chaos_v1:corpse_maggot":2,"minecraft:wooden_pickaxe":2},"minecraft:mined":{"minecraft:red_carpet":1,"minecraft:yellow_wall_banner":1,"minecraft:deepslate_diamond_ore":6,"minecraft:jungle_leaves":1,"minecraft:grass_block":1,"gobber2:gobber2_ore_deepslate":9,"quark:green_corundum_cluster":5,"gobber2:gobber2_lucky_block":6,"minecraft:jungle_log":8,"iceandfire:deepslate_silver_ore":2,"minecraft:large_fern":2,"minecraft:furnace":2,"minecraft:fire":3,"minecraft:iron_ore":89,"minecraft:cobbled_deepslate":6,"minecraft:andesite":1,"minecraft:deepslate_lapis_ore":8,"minecraft:deepslate_iron_ore":24,"minecraft:vine":6,"minecraft:stone":58,"minecraft:green_bed":3,"minecraft:deepslate_redstone_ore":11,"minecraft:amethyst_cluster":1,"minecraft:crafting_table":8,"minecraft:torch":2,"quark:white_corundum_cluster":1,"minecraft:poppy":6,"minecraft:melon":18,"iceandfire:ghost_chest":1,"minecraft:dead_bush":1,"minecraft:lapis_ore":3,"minecraft:deepslate_gold_ore":5,"minecraft:sugar_cane":4,"minecraft:diorite":5,"minecraft:wall_torch":9,"supplementaries:urn":5,"minecraft:cactus":2,"biomesoplenty:mahogany_log":46,"minecraft:redstone_torch":2,"quark:green_corundum":1,"minecraft:tnt":4,"gobber2:gobber2_lucky_block_deepslate":5,"minecraft:grass":17,"minecraft:coal_ore":25,"minecraft:sand":5,"minecraft:gravel":3,"minecraft:dirt":2,"minecraft:gray_carpet":2,"minecraft:cobweb":2,"minecraft:gold_ore":2,"minecraft:fern":6,"minecraft:deepslate":7},"minecraft:broken":{"minecraft:iron_axe":1,"minecraft:wooden_sword":1,"minecraft:iron_sword":1,"minecraft:iron_helmet":1},"minecraft:custom":{"minecraft:mob_kills":55,"minecraft:interact_with_crafting_table":42,"minecraft:open_barrel":7,"goblintraders:trade_with_goblin":43,"minecraft:damage_dealt_resisted":293,"minecraft:leave_game":1,"minecraft:time_since_death":4008,"minecraft:climb_one_cm":1764,"minecraft:sprint_one_cm":205211,"minecraft:walk_one_cm":287258,"minecraft:damage_blocked_by_shield":40,"minecraft:drop":43,"minecraft:play_time":177248,"minecraft:deaths":17,"minecraft:sneak_time":1102,"minecraft:walk_under_water_one_cm":35774,"minecraft:boat_one_cm":34530,"minecraft:interact_with_lectern":5,"minecraft:jump":1721,"minecraft:walk_on_water_one_cm":19164,"minecraft:total_world_time":177248,"minecraft:interact_with_furnace":69,"minecraft:sleep_in_bed":1,"minecraft:time_since_rest":3878,"minecraft:damage_taken":5731,"minecraft:trigger_trapped_chest":1,"minecraft:damage_dealt":14311,"minecraft:swim_one_cm":20828,"minecraft:fly_one_cm":337420,"minecraft:player_kills":2,"minecraft:open_chest":8,"minecraft:crouch_one_cm":907,"tombstone:undead_killed":25,"minecraft:fall_one_cm":45298},"minecraft:crafted":{"minecraft:wooden_sword":1,"easy_hammers:iron_hammer":1,"biomesoplenty:mahogany_planks":4,"quark:jungle_chest":1,"minecraft:furnace":3,"minecraft:iron_boots":1,"minecraft:leather":2,"minecraft:iron_axe":2,"minecraft:stone_pickaxe":1,"sophisticatedbackpacks:iron_backpack":1,"sophisticatedbackpacks:backpack":1,"minecraft:crafting_table":2,"minecraft:wooden_pickaxe":1,"minecraft:iron_helmet":1,"minecraft:iron_sword":2,"minecraft:copper_ingot":26,"sophisticatedbackpacks:gold_backpack":1,"minecraft:bucket":2,"minecraft:air":0,"minecraft:jungle_planks":48,"minecraft:jungle_door":3,"minecraft:shield":2,"minecraft:iron_chestplate":2,"minecraft:raw_gold":45,"minecraft:stick":32,"minecraft:iron_pickaxe":1,"minecraft:iron_ingot":117,"minecraft:wooden_axe":1,"minecraft:gold_ingot":28,"minecraft:iron_leggings":1,"minecraft:torch":8},"minecraft:picked_up":{"minecraft:wooden_axe":1,"minecraft:crafting_table":8,"quark:white_corundum_cluster":1,"iceandfire:copper_sword":1,"luminousworld:soawwhytb":2,"minecraft:wooden_pickaxe":1,"minecraft:enchanted_book":1,"minecraft:chain":1,"minecraft:iron_axe":1,"minecraft:string":7,"minecraft:raw_copper":4,"minecraft:iron_shovel":1,"minecraft:red_sand":4,"minecraft:cobbled_deepslate":95,"minecraft:beef":1,"minecraft:redstone_torch":2,"born_in_chaos_v1:gnawed_bones":2,"minecraft:poppy":12,"minecraft:melon_slice":84,"minecraft:sugar_cane":9,"minecraft:furnace":2,"iceandfire:ghost_chest":1,"minecraft:stick":4,"minecraft:raw_iron":128,"born_in_chaos_v1:shattered_skull":1,"quark:green_corundum_cluster":6,"iceandfire:deathworm_chitin_red":6,"minecraft:copper_ingot":3,"minecraft:torch":32,"minecraft:green_bed":3,"minecraft:cookie":12,"tombstone:grave_dust":1,"minecraft:diorite":5,"born_in_chaos_v1:nightmare_claw":1,"minecraft:redstone":48,"minecraft:rabbit_foot":2,"minecraft:yellow_banner":1,"gobber2:gobber2_foo":1,"minecraft:tnt":4,"iceandfire:silver_ingot":3,"minecraft:cactus":4,"minecraft:rotten_flesh":55,"minecraft:saddle":1,"minecraft:white_terracotta":1,"supplementaries:ash":12,"minecraft:cobblestone":141,"born_in_chaos_v1:corpse_maggot":2,"minecraft:feather":3,"minecraft:cooked_beef":7,"born_in_chaos_v1:monster_flesh":6,"minecraft:glow_ink_sac":4,"minecraft:jungle_log":12,"minecraft:andesite":1,"luminousworld:ishstone":7,"minecraft:leather":4,"gobber2:gobber2_gooey_beefstew":1,"minecraft:music_disc_stal":1,"supplementaries:flax_seeds":1,"minecraft:lapis_lazuli":67,"minecraft:dirt":242,"tombstone:gift":1,"born_in_chaos_v1:monster_skin":1,"minecraft:red_carpet":1,"minecraft:bone":21,"minecraft:gray_carpet":2,"undead_revamp2:blacpetalblock":1,"quark:dark_oak_trapped_chest":1,"minecraft:wheat_seeds":7,"gobber2:gobber2_gooey_beef":2,"minecraft:raw_gold":7,"minecraft:rabbit_hide":8,"gobber2:gobber2_globette":21,"minecraft:rabbit":2,"minecraft:iron_sword":1,"gobber2:gobber2_gooey_bread":2,"minecraft:black_terracotta":1,"ecologics:prickly_pear":1,"born_in_chaos_v1:ethereal_spirit":1,"minecraft:dandelion":2,"minecraft:gravel":3,"minecraft:sand":9,"minecraft:jungle_planks":16,"minecraft:amethyst_shard":4,"sophisticatedbackpacks:jukebox_upgrade":1,"minecraft:grass_block":1,"quark:green_corundum":1,"minecraft:barrel":1,"minecraft:bundle":1,"biomesoplenty:mahogany_log":10,"minecraft:diamond":6,"minecraft:stone_axe":2,"tombstone:scroll_of_knowledge":1,"minecraft:golden_apple":1,"minecraft:spruce_sign":1,"minecraft:chiseled_red_sandstone":4,"tombstone:magic_scroll":1,"iceandfire:raw_silver":2,"minecraft:coal":32,"gobber2:gobber2_goo":4,"minecraft:ender_pearl":1},"minecraft:killed_by":{"minecraft:husk":1,"minecraft:player":5,"enemyexpansion:trollenraged":1,"born_in_chaos_v1:nightmare_stalker":1,"minecraft:enderman":1,"born_in_chaos_v1:corpse_fly":1,"enemyexpansion:botfly":1,"minecraft:zombie":2,"born_in_chaos_v1:spirit_guide_assistant":2,"enemyexpansion:invisicreeper":1}},"DataVersion":3465}