{"stats":{"minecraft:used":{"gobber2:gobber2_goo":3,"gobber2:gobber2_gooey_bread":1,"minecraft:iron_sword":92,"minecraft:rotten_flesh":2,"minecraft:torch":12,"minecraft:dirt":40,"minecraft:wooden_axe":43,"minecraft:grass_block":1,"minecraft:iron_axe":100,"easy_hammers:iron_hammer":29,"quark:green_corundum_cluster":1,"born_in_chaos_v1:gnawed_bones":1,"minecraft:beef":1,"minecraft:furnace":3,"tombstone:gift":3,"minecraft:cobbled_deepslate":16,"minecraft:water_bucket":2,"minecraft:stone_pickaxe":120,"minecraft:wooden_pickaxe":28,"minecraft:crafting_table":7,"minecraft:melon_slice":26,"minecraft:iron_pickaxe":97,"tombstone:grave_key":1,"minecraft:wooden_sword":51,"minecraft:bucket":4},"minecraft:killed":{"enemyexpansion:trollenraged":1,"minecraft:spider":1,"enemyexpansion:direwolf":3,"born_in_chaos_v1:zombie_bruiser":1,"undead_revamp2:theswarmer":1,"born_in_chaos_v1:maggot":2,"naturalist:elephant":2,"undead_revamp2:therod":1,"minecraft:parrot":1,"undead_revamp2:the_moonflower":3,"enemyexpansion:sprinter":1,"undead_revamp2:thesomnolence":1,"minecraft:zombie":3,"born_in_chaos_v1:dread_hound":1,"born_in_chaos_v1:corpse_fly":1,"born_in_chaos_v1:nightmare_stalker":1,"minecraft:enderman":1,"enemyexpansion:slugger":1},"minecraft:dropped":{"iceandfire:raw_silver":2,"minecraft:cooked_beef":7,"minecraft:glow_ink_sac":4,"minecraft:cobblestone":30,"minecraft:jungle_planks":16,"minecraft:coal":6,"minecraft:stick":1,"born_in_chaos_v1:monster_flesh":6,"minecraft:dirt":141,"born_in_chaos_v1:gnawed_bones":1,"minecraft:diorite":5,"minecraft:torch":2,"minecraft:wooden_axe":1,"undead_revamp2:blacpetalblock":1,"minecraft:string":1,"minecraft:dandelion":1,"minecraft:cobbled_deepslate":21,"minecraft:rotten_flesh":10,"supplementaries:ash":12,"minecraft:andesite":1,"born_in_chaos_v1:corpse_maggot":2,"minecraft:wooden_pickaxe":2},"minecraft:mined":{"minecraft:deepslate_diamond_ore":6,"minecraft:jungle_leaves":1,"minecraft:grass_block":1,"gobber2:gobber2_ore_deepslate":9,"quark:green_corundum_cluster":5,"gobber2:gobber2_lucky_block":5,"minecraft:jungle_log":8,"iceandfire:deepslate_silver_ore":2,"minecraft:large_fern":2,"minecraft:iron_ore":89,"minecraft:cobbled_deepslate":5,"minecraft:andesite":1,"minecraft:deepslate_lapis_ore":8,"minecraft:deepslate_iron_ore":24,"minecraft:vine":5,"minecraft:stone":47,"minecraft:deepslate_redstone_ore":11,"minecraft:crafting_table":5,"minecraft:torch":2,"quark:white_corundum_cluster":1,"minecraft:poppy":6,"minecraft:melon":18,"minecraft:lapis_ore":3,"minecraft:deepslate_gold_ore":5,"minecraft:diorite":5,"minecraft:wall_torch":9,"supplementaries:urn":5,"biomesoplenty:mahogany_log":46,"minecraft:redstone_torch":2,"quark:green_corundum":1,"gobber2:gobber2_lucky_block_deepslate":5,"minecraft:grass":17,"minecraft:coal_ore":25,"minecraft:gravel":3,"minecraft:dirt":2,"minecraft:gold_ore":2,"minecraft:fern":6,"minecraft:deepslate":7},"minecraft:broken":{"minecraft:wooden_sword":1},"minecraft:custom":{"minecraft:mob_kills":30,"minecraft:interact_with_crafting_table":33,"minecraft:open_barrel":6,"goblintraders:trade_with_goblin":43,"minecraft:damage_dealt_resisted":70,"minecraft:leave_game":1,"minecraft:time_since_death":1407,"minecraft:climb_one_cm":1331,"minecraft:sprint_one_cm":140565,"minecraft:walk_one_cm":215224,"minecraft:drop":35,"minecraft:play_time":141248,"minecraft:deaths":12,"minecraft:sneak_time":954,"minecraft:walk_under_water_one_cm":20917,"minecraft:jump":1375,"minecraft:walk_on_water_one_cm":12567,"minecraft:total_world_time":141248,"minecraft:interact_with_furnace":57,"minecraft:time_since_rest":1160,"minecraft:damage_taken":3828,"minecraft:damage_dealt":7271,"minecraft:swim_one_cm":4623,"minecraft:fly_one_cm":284927,"minecraft:player_kills":1,"minecraft:open_chest":1,"minecraft:crouch_one_cm":804,"tombstone:undead_killed":11,"minecraft:fall_one_cm":34859},"minecraft:crafted":{"minecraft:wooden_sword":1,"easy_hammers:iron_hammer":1,"quark:jungle_chest":1,"minecraft:furnace":3,"minecraft:iron_boots":1,"minecraft:leather":2,"minecraft:iron_axe":1,"minecraft:stone_pickaxe":1,"sophisticatedbackpacks:iron_backpack":1,"sophisticatedbackpacks:backpack":1,"minecraft:crafting_table":2,"minecraft:wooden_pickaxe":1,"minecraft:iron_helmet":1,"minecraft:iron_sword":1,"minecraft:copper_ingot":26,"minecraft:bucket":2,"minecraft:air":0,"minecraft:jungle_planks":48,"minecraft:iron_chestplate":1,"minecraft:raw_gold":45,"minecraft:stick":32,"minecraft:iron_pickaxe":1,"minecraft:iron_ingot":116,"minecraft:wooden_axe":1,"minecraft:iron_leggings":1,"minecraft:torch":8},"minecraft:picked_up":{"minecraft:wooden_axe":1,"minecraft:crafting_table":5,"quark:white_corundum_cluster":1,"minecraft:wooden_pickaxe":1,"minecraft:string":5,"minecraft:raw_copper":4,"minecraft:cobbled_deepslate":94,"minecraft:beef":1,"minecraft:redstone_torch":2,"born_in_chaos_v1:gnawed_bones":2,"minecraft:poppy":12,"minecraft:melon_slice":84,"minecraft:stick":4,"minecraft:raw_iron":128,"born_in_chaos_v1:shattered_skull":1,"quark:green_corundum_cluster":6,"minecraft:copper_ingot":2,"minecraft:torch":32,"minecraft:diorite":5,"born_in_chaos_v1:nightmare_claw":1,"minecraft:redstone":48,"gobber2:gobber2_foo":1,"minecraft:rotten_flesh":27,"supplementaries:ash":12,"minecraft:cobblestone":95,"born_in_chaos_v1:corpse_maggot":2,"minecraft:cooked_beef":7,"born_in_chaos_v1:monster_flesh":6,"minecraft:glow_ink_sac":4,"minecraft:jungle_log":12,"minecraft:andesite":1,"luminousworld:ishstone":7,"minecraft:leather":4,"gobber2:gobber2_gooey_beefstew":1,"minecraft:music_disc_stal":1,"supplementaries:flax_seeds":1,"minecraft:lapis_lazuli":67,"minecraft:dirt":242,"tombstone:gift":1,"born_in_chaos_v1:monster_skin":1,"minecraft:bone":9,"undead_revamp2:blacpetalblock":1,"minecraft:wheat_seeds":7,"gobber2:gobber2_gooey_beef":2,"minecraft:raw_gold":7,"gobber2:gobber2_globette":21,"gobber2:gobber2_gooey_bread":2,"minecraft:dandelion":2,"minecraft:gravel":3,"minecraft:jungle_planks":16,"minecraft:grass_block":1,"quark:green_corundum":1,"minecraft:barrel":1,"biomesoplenty:mahogany_log":10,"minecraft:diamond":6,"iceandfire:raw_silver":2,"minecraft:coal":32,"gobber2:gobber2_goo":3,"minecraft:ender_pearl":1},"minecraft:killed_by":{"minecraft:player":5,"enemyexpansion:trollenraged":1,"born_in_chaos_v1:nightmare_stalker":1,"minecraft:enderman":1,"born_in_chaos_v1:corpse_fly":1,"enemyexpansion:botfly":1,"enemyexpansion:invisicreeper":1}},"DataVersion":3465}