{"stats":{"minecraft:used":{"minecraft:water_bucket":1,"minecraft:stone_pickaxe":120,"minecraft:wooden_pickaxe":28,"minecraft:iron_sword":49,"minecraft:rotten_flesh":2,"minecraft:torch":12,"minecraft:dirt":29,"minecraft:crafting_table":5,"minecraft:wooden_axe":43,"minecraft:iron_axe":5,"minecraft:grass_block":1,"minecraft:melon_slice":23,"easy_hammers:iron_hammer":11,"minecraft:iron_pickaxe":58,"quark:green_corundum_cluster":1,"born_in_chaos_v1:gnawed_bones":1,"minecraft:wooden_sword":51,"minecraft:beef":1,"minecraft:furnace":2,"minecraft:bucket":3,"tombstone:gift":3},"minecraft:killed":{"undead_revamp2:the_moonflower":1,"minecraft:spider":1,"enemyexpansion:sprinter":1,"enemyexpansion:direwolf":2,"born_in_chaos_v1:zombie_bruiser":1,"born_in_chaos_v1:maggot":1,"undead_revamp2:theswarmer":1,"undead_revamp2:thesomnolence":1,"minecraft:zombie":2,"born_in_chaos_v1:dread_hound":1,"born_in_chaos_v1:corpse_fly":1,"undead_revamp2:therod":1,"born_in_chaos_v1:nightmare_stalker":1,"enemyexpansion:slugger":1},"minecraft:dropped":{"minecraft:cooked_beef":7,"minecraft:rotten_flesh":10,"born_in_chaos_v1:monster_flesh":6,"minecraft:dirt":105,"born_in_chaos_v1:gnawed_bones":1,"minecraft:diorite":5,"minecraft:torch":2,"minecraft:andesite":1,"born_in_chaos_v1:corpse_maggot":2,"minecraft:wooden_axe":1,"minecraft:wooden_pickaxe":2,"undead_revamp2:blacpetalblock":1,"minecraft:string":1,"minecraft:dandelion":1},"minecraft:mined":{"minecraft:deepslate_redstone_ore":11,"minecraft:jungle_leaves":1,"minecraft:crafting_table":4,"minecraft:torch":2,"quark:white_corundum_cluster":1,"minecraft:grass_block":1,"minecraft:melon":17,"gobber2:gobber2_lucky_block":5,"quark:green_corundum_cluster":5,"minecraft:jungle_log":3,"iceandfire:deepslate_silver_ore":2,"minecraft:deepslate_gold_ore":5,"minecraft:lapis_ore":3,"minecraft:diorite":5,"minecraft:wall_torch":9,"supplementaries:urn":1,"minecraft:redstone_torch":2,"minecraft:iron_ore":78,"gobber2:gobber2_lucky_block_deepslate":3,"quark:green_corundum":1,"minecraft:andesite":1,"minecraft:deepslate_lapis_ore":8,"minecraft:grass":11,"minecraft:deepslate_iron_ore":15,"minecraft:coal_ore":25,"minecraft:vine":3,"minecraft:gravel":3,"minecraft:dirt":2,"minecraft:stone":40,"minecraft:gold_ore":2,"minecraft:deepslate":3,"minecraft:fern":5},"minecraft:broken":{"minecraft:wooden_sword":1},"minecraft:custom":{"minecraft:interact_with_furnace":54,"minecraft:mob_kills":18,"minecraft:interact_with_crafting_table":26,"minecraft:damage_dealt_resisted":40,"minecraft:leave_game":1,"minecraft:time_since_death":8147,"minecraft:climb_one_cm":1047,"minecraft:time_since_rest":7962,"minecraft:sprint_one_cm":99316,"minecraft:damage_taken":2886,"minecraft:walk_one_cm":137145,"minecraft:drop":24,"minecraft:damage_dealt":4154,"minecraft:swim_one_cm":4623,"minecraft:player_kills":1,"minecraft:fly_one_cm":240904,"minecraft:crouch_one_cm":345,"minecraft:play_time":117248,"tombstone:undead_killed":8,"minecraft:deaths":9,"minecraft:sneak_time":682,"minecraft:walk_under_water_one_cm":17917,"minecraft:jump":1013,"minecraft:walk_on_water_one_cm":10452,"minecraft:total_world_time":117248,"minecraft:fall_one_cm":25108},"minecraft:crafted":{"minecraft:wooden_sword":1,"easy_hammers:iron_hammer":1,"minecraft:crafting_table":1,"minecraft:iron_helmet":1,"minecraft:wooden_pickaxe":1,"minecraft:iron_sword":1,"minecraft:furnace":2,"minecraft:bucket":2,"minecraft:air":0,"minecraft:jungle_planks":28,"minecraft:leather":2,"minecraft:iron_boots":1,"minecraft:iron_chestplate":1,"minecraft:iron_axe":1,"minecraft:stick":16,"minecraft:iron_ingot":56,"minecraft:iron_pickaxe":1,"minecraft:stone_pickaxe":1,"minecraft:wooden_axe":1,"minecraft:iron_leggings":1,"minecraft:torch":8},"minecraft:picked_up":{"minecraft:wooden_axe":1,"quark:white_corundum_cluster":1,"born_in_chaos_v1:corpse_maggot":2,"minecraft:crafting_table":4,"minecraft:cooked_beef":7,"born_in_chaos_v1:monster_flesh":6,"minecraft:andesite":1,"minecraft:jungle_log":7,"luminousworld:ishstone":7,"gobber2:gobber2_gooey_beefstew":1,"minecraft:wooden_pickaxe":1,"minecraft:music_disc_stal":1,"supplementaries:flax_seeds":1,"minecraft:lapis_lazuli":67,"minecraft:string":3,"minecraft:dirt":206,"minecraft:raw_copper":4,"born_in_chaos_v1:monster_skin":1,"minecraft:bone":3,"undead_revamp2:blacpetalblock":1,"gobber2:gobber2_gooey_beef":2,"minecraft:wheat_seeds":6,"minecraft:cobbled_deepslate":48,"minecraft:raw_gold":7,"minecraft:beef":1,"minecraft:redstone_torch":2,"born_in_chaos_v1:gnawed_bones":2,"minecraft:melon_slice":84,"gobber2:gobber2_gooey_bread":2,"minecraft:stick":2,"minecraft:raw_iron":106,"quark:green_corundum_cluster":6,"minecraft:copper_ingot":2,"minecraft:torch":11,"minecraft:dandelion":1,"minecraft:gravel":3,"minecraft:diorite":5,"born_in_chaos_v1:nightmare_claw":1,"minecraft:grass_block":1,"minecraft:redstone":48,"quark:green_corundum":1,"minecraft:rotten_flesh":14,"gobber2:gobber2_goo":2,"minecraft:coal":26,"iceandfire:raw_silver":2,"minecraft:cobblestone":53,"minecraft:ender_pearl":1},"minecraft:killed_by":{"minecraft:player":4,"born_in_chaos_v1:nightmare_stalker":1,"enemyexpansion:botfly":1,"born_in_chaos_v1:corpse_fly":1,"enemyexpansion:invisicreeper":1}},"DataVersion":3465}