{"stats":{"minecraft:picked_up":{"minecraft:raw_iron":1,"minecraft:stick":2,"minecraft:crafting_table":2,"minecraft:jungle_log":7,"minecraft:wooden_pickaxe":1,"minecraft:music_disc_stal":1,"minecraft:grass_block":1,"minecraft:redstone":1,"minecraft:dirt":162,"undead_revamp2:blacpetalblock":1,"minecraft:wheat_seeds":3,"minecraft:beef":1,"minecraft:redstone_torch":2,"minecraft:coal":26,"minecraft:cobblestone":12,"minecraft:ender_pearl":1},"minecraft:used":{"minecraft:wooden_axe":2,"minecraft:grass_block":1,"minecraft:stone_pickaxe":10,"minecraft:wooden_pickaxe":28,"minecraft:wooden_sword":9,"minecraft:beef":1,"minecraft:crafting_table":2,"tombstone:gift":3},"minecraft:mined":{"minecraft:iron_ore":1,"minecraft:redstone_torch":2,"minecraft:jungle_leaves":1,"minecraft:crafting_table":2,"minecraft:grass":1,"minecraft:coal_ore":25,"minecraft:vine":2,"minecraft:jungle_log":3,"minecraft:stone":12},"minecraft:crafted":{"minecraft:wooden_sword":1,"minecraft:crafting_table":1,"minecraft:stick":8,"minecraft:wooden_pickaxe":1,"minecraft:stone_pickaxe":1,"minecraft:wooden_axe":1,"minecraft:torch":8,"minecraft:jungle_planks":28},"minecraft:killed":{"undead_revamp2:the_moonflower":1},"minecraft:custom":{"minecraft:time_since_rest":3936,"minecraft:sprint_one_cm":43387,"minecraft:damage_taken":1130,"minecraft:walk_one_cm":32699,"minecraft:mob_kills":1,"minecraft:damage_dealt":256,"minecraft:swim_one_cm":2310,"minecraft:interact_with_crafting_table":2,"minecraft:fly_one_cm":165719,"minecraft:crouch_one_cm":44,"minecraft:play_time":77675,"tombstone:undead_killed":1,"minecraft:deaths":4,"minecraft:sneak_time":190,"minecraft:walk_under_water_one_cm":16173,"minecraft:jump":352,"minecraft:walk_on_water_one_cm":3203,"minecraft:time_since_death":4371,"minecraft:climb_one_cm":580,"minecraft:total_world_time":77675,"minecraft:fall_one_cm":1708},"minecraft:killed_by":{"minecraft:player":4}},"DataVersion":3465}