{"stats":{"minecraft:picked_up":{"minecraft:ender_pearl":1},"minecraft:custom":{"minecraft:jump":251,"minecraft:time_since_rest":65675,"minecraft:damage_dealt":18,"minecraft:crouch_one_cm":6,"minecraft:sprint_one_cm":33830,"minecraft:play_time":65675,"minecraft:walk_on_water_one_cm":1054,"minecraft:time_since_death":65675,"minecraft:walk_one_cm":18194,"minecraft:sneak_time":67,"minecraft:climb_one_cm":274,"minecraft:total_world_time":65675,"minecraft:walk_under_water_one_cm":11403,"minecraft:swim_one_cm":830,"minecraft:fall_one_cm":418,"minecraft:fly_one_cm":120625}},"DataVersion":3465}