{"stats":{"minecraft:used":{"minecraft:stone_pickaxe":120,"minecraft:wooden_pickaxe":28,"minecraft:iron_sword":21,"minecraft:rotten_flesh":2,"minecraft:torch":9,"minecraft:dirt":26,"minecraft:crafting_table":5,"minecraft:wooden_axe":43,"minecraft:iron_axe":5,"minecraft:grass_block":1,"minecraft:melon_slice":21,"minecraft:iron_pickaxe":27,"born_in_chaos_v1:gnawed_bones":1,"minecraft:wooden_sword":51,"minecraft:beef":1,"minecraft:furnace":2,"tombstone:gift":3},"minecraft:killed":{"undead_revamp2:the_moonflower":1,"enemyexpansion:sprinter":1,"born_in_chaos_v1:zombie_bruiser":1,"undead_revamp2:theswarmer":1,"undead_revamp2:thesomnolence":1,"minecraft:zombie":2,"born_in_chaos_v1:dread_hound":1,"born_in_chaos_v1:corpse_fly":1,"born_in_chaos_v1:nightmare_stalker":1},"minecraft:dropped":{"minecraft:cooked_beef":7,"minecraft:rotten_flesh":8,"born_in_chaos_v1:monster_flesh":6,"minecraft:dirt":105,"minecraft:diorite":5,"minecraft:torch":2,"minecraft:andesite":1,"born_in_chaos_v1:corpse_maggot":2,"minecraft:wooden_axe":1,"minecraft:wooden_pickaxe":2,"undead_revamp2:blacpetalblock":1,"minecraft:string":1,"minecraft:dandelion":1},"minecraft:mined":{"minecraft:deepslate_redstone_ore":6,"minecraft:jungle_leaves":1,"minecraft:crafting_table":4,"minecraft:torch":2,"minecraft:grass_block":1,"minecraft:melon":17,"minecraft:jungle_log":3,"minecraft:deepslate_gold_ore":5,"minecraft:lapis_ore":3,"minecraft:diorite":5,"minecraft:wall_torch":7,"minecraft:redstone_torch":2,"minecraft:iron_ore":73,"minecraft:andesite":1,"minecraft:deepslate_lapis_ore":6,"minecraft:grass":11,"minecraft:deepslate_iron_ore":8,"minecraft:coal_ore":25,"minecraft:vine":3,"minecraft:gravel":3,"minecraft:dirt":2,"minecraft:stone":39,"minecraft:gold_ore":2,"minecraft:fern":5},"minecraft:broken":{"minecraft:wooden_sword":1},"minecraft:custom":{"minecraft:interact_with_furnace":23,"minecraft:mob_kills":11,"minecraft:interact_with_crafting_table":14,"minecraft:damage_dealt_resisted":40,"minecraft:leave_game":1,"minecraft:time_since_death":3281,"minecraft:climb_one_cm":1047,"minecraft:time_since_rest":3092,"minecraft:sprint_one_cm":88459,"minecraft:damage_taken":2440,"minecraft:walk_one_cm":113386,"minecraft:drop":22,"minecraft:damage_dealt":2939,"minecraft:swim_one_cm":2310,"minecraft:player_kills":1,"minecraft:fly_one_cm":221799,"minecraft:crouch_one_cm":303,"minecraft:play_time":105248,"tombstone:undead_killed":6,"minecraft:deaths":8,"minecraft:sneak_time":656,"minecraft:walk_under_water_one_cm":16487,"minecraft:jump":864,"minecraft:walk_on_water_one_cm":5269,"minecraft:total_world_time":105248,"minecraft:fall_one_cm":20012},"minecraft:crafted":{"minecraft:wooden_sword":1,"minecraft:crafting_table":1,"minecraft:wooden_pickaxe":1,"minecraft:iron_sword":1,"minecraft:furnace":2,"minecraft:bucket":1,"minecraft:air":0,"minecraft:jungle_planks":28,"minecraft:iron_chestplate":1,"minecraft:iron_axe":1,"minecraft:stick":16,"minecraft:iron_ingot":33,"minecraft:iron_pickaxe":1,"minecraft:stone_pickaxe":1,"minecraft:wooden_axe":1,"minecraft:iron_leggings":1,"minecraft:torch":8},"minecraft:picked_up":{"minecraft:wooden_axe":1,"born_in_chaos_v1:corpse_maggot":2,"minecraft:crafting_table":4,"minecraft:cooked_beef":7,"born_in_chaos_v1:monster_flesh":6,"minecraft:andesite":1,"minecraft:jungle_log":7,"minecraft:wooden_pickaxe":1,"minecraft:music_disc_stal":1,"minecraft:lapis_lazuli":52,"minecraft:string":1,"minecraft:dirt":206,"born_in_chaos_v1:monster_skin":1,"minecraft:bone":3,"undead_revamp2:blacpetalblock":1,"minecraft:wheat_seeds":6,"minecraft:raw_gold":7,"minecraft:beef":1,"minecraft:redstone_torch":2,"born_in_chaos_v1:gnawed_bones":1,"minecraft:melon_slice":84,"minecraft:stick":2,"minecraft:raw_iron":82,"minecraft:copper_ingot":1,"minecraft:torch":9,"minecraft:dandelion":1,"minecraft:gravel":3,"minecraft:diorite":5,"born_in_chaos_v1:nightmare_claw":1,"minecraft:grass_block":1,"minecraft:redstone":25,"minecraft:rotten_flesh":10,"minecraft:coal":26,"minecraft:cobblestone":44,"minecraft:ender_pearl":1},"minecraft:killed_by":{"minecraft:player":4,"born_in_chaos_v1:nightmare_stalker":1,"enemyexpansion:botfly":1,"born_in_chaos_v1:corpse_fly":1}},"DataVersion":3465}