{"stats":{"minecraft:picked_up":{"minecraft:wooden_axe":1,"minecraft:wheat":145,"minecraft:iron_chestplate":1,"minecraft:crafting_table":12,"quark:white_corundum_cluster":1,"iceandfire:copper_sword":1,"luminousworld:soawwhytb":2,"minecraft:wooden_pickaxe":1,"minecraft:enchanted_book":3,"minecraft:chain":1,"minecraft:string":7,"minecraft:raw_copper":4,"minecraft:iron_axe":1,"minecraft:item_frame":6,"minecraft:iron_leggings":1,"minecraft:iron_shovel":1,"minecraft:experience_bottle":1,"paraglider:rito_goddess_statue":1,"minecraft:red_sand":4,"minecraft:cobbled_deepslate":141,"minecraft:beef":1,"minecraft:redstone_torch":2,"born_in_chaos_v1:gnawed_bones":2,"minecraft:poppy":12,"minecraft:melon_slice":92,"minecraft:sugar_cane":9,"minecraft:furnace":3,"minecraft:iron_boots":1,"minecraft:stick":4,"minecraft:raw_iron":160,"iceandfire:ghost_chest":1,"born_in_chaos_v1:shattered_skull":1,"quark:green_corundum_cluster":6,"bygonenether:cobbled_blackstone":63,"iceandfire:deathworm_chitin_red":6,"minecraft:copper_ingot":5,"minecraft:torch":32,"minecraft:green_bed":3,"minecraft:cookie":12,"tombstone:grave_dust":1,"minecraft:diorite":5,"born_in_chaos_v1:nightmare_claw":1,"minecraft:redstone":48,"minecraft:rabbit_foot":2,"minecraft:yellow_banner":1,"gobber2:gobber2_foo":2,"minecraft:tnt":4,"iceandfire:silver_ingot":3,"minecraft:cactus":4,"minecraft:rotten_flesh":85,"minecraft:hay_block":23,"minecraft:saddle":1,"minecraft:gold_ingot":2,"minecraft:white_terracotta":1,"supplementaries:ash":12,"paraglider:horned_statue":1,"minecraft:white_wool":1,"minecraft:cobblestone":141,"born_in_chaos_v1:corpse_maggot":2,"minecraft:feather":3,"minecraft:cooked_beef":7,"born_in_chaos_v1:monster_flesh":7,"minecraft:glow_ink_sac":4,"minecraft:jungle_log":12,"minecraft:andesite":1,"luminousworld:ishstone":7,"minecraft:leather":4,"gobber2:gobber2_gooey_beefstew":1,"minecraft:music_disc_stal":1,"minecraft:smoker":1,"minecraft:tuff":10,"supplementaries:flax_seeds":1,"minecraft:lapis_lazuli":68,"minecraft:dirt":242,"tombstone:gift":1,"born_in_chaos_v1:monster_skin":2,"minecraft:bone":22,"minecraft:red_carpet":1,"minecraft:chipped_anvil":2,"undead_revamp2:blacpetalblock":1,"minecraft:gray_carpet":2,"quark:dark_oak_trapped_chest":1,"gobber2:gobber2_gooey_beef":2,"minecraft:wheat_seeds":259,"minecraft:raw_gold":7,"minecraft:rabbit_hide":8,"minecraft:iron_ingot":2,"minecraft:grindstone":2,"gobber2:gobber2_globette":37,"minecraft:rabbit":2,"minecraft:iron_sword":1,"gobber2:gobber2_gooey_bread":4,"minecraft:black_terracotta":1,"ecologics:prickly_pear":1,"born_in_chaos_v1:ethereal_spirit":1,"minecraft:dandelion":2,"minecraft:gravel":3,"minecraft:amethyst_shard":4,"minecraft:sand":9,"minecraft:jungle_planks":16,"sophisticatedbackpacks:jukebox_upgrade":1,"minecraft:grass_block":1,"quark:green_corundum":1,"minecraft:barrel":1,"minecraft:bundle":1,"biomesoplenty:mahogany_log":10,"minecraft:diamond":9,"minecraft:stone_axe":2,"tombstone:scroll_of_knowledge":1,"waystones:waystone":1,"minecraft:golden_apple":1,"minecraft:spruce_sign":1,"minecraft:emerald":2,"tombstone:magic_scroll":1,"minecraft:chiseled_red_sandstone":4,"minecraft:melon_seeds":2,"minecraft:coal":33,"iceandfire:raw_silver":2,"gobber2:gobber2_goo":4,"minecraft:ender_pearl":1},"minecraft:custom":{"minecraft:mob_kills":59,"minecraft:interact_with_crafting_table":46,"minecraft:open_barrel":7,"goblintraders:trade_with_goblin":43,"minecraft:bell_ring":2,"minecraft:damage_dealt_resisted":293,"minecraft:leave_game":2,"minecraft:time_since_death":42557,"minecraft:climb_one_cm":1764,"minecraft:sprint_one_cm":273439,"minecraft:walk_one_cm":381032,"minecraft:damage_blocked_by_shield":40,"minecraft:drop":44,"minecraft:talked_to_villager":2,"minecraft:play_time":215797,"minecraft:deaths":17,"minecraft:sneak_time":1189,"minecraft:walk_under_water_one_cm":36118,"minecraft:boat_one_cm":34530,"minecraft:interact_with_lectern":5,"minecraft:jump":1982,"minecraft:walk_on_water_one_cm":19487,"minecraft:total_world_time":215797,"minecraft:interact_with_furnace":77,"minecraft:sleep_in_bed":1,"minecraft:time_since_rest":42427,"minecraft:damage_taken":6182,"minecraft:trigger_trapped_chest":1,"minecraft:damage_dealt":15141,"minecraft:player_kills":2,"minecraft:swim_one_cm":20828,"minecraft:fly_one_cm":376942,"minecraft:open_chest":27,"minecraft:crouch_one_cm":1105,"tombstone:undead_killed":28,"minecraft:fall_one_cm":56253},"minecraft:killed_by":{"minecraft:husk":1,"minecraft:player":5,"enemyexpansion:trollenraged":1,"born_in_chaos_v1:nightmare_stalker":1,"minecraft:enderman":1,"born_in_chaos_v1:corpse_fly":1,"enemyexpansion:botfly":1,"minecraft:zombie":2,"born_in_chaos_v1:spirit_guide_assistant":2,"enemyexpansion:invisicreeper":1},"minecraft:used":{"gobber2:gobber2_goo":3,"gobber2:gobber2_gooey_bread":1,"minecraft:shield":6,"minecraft:iron_sword":252,"minecraft:rotten_flesh":2,"simpletomb:grave_key":2,"minecraft:torch":13,"minecraft:dirt":40,"minecraft:wooden_axe":43,"minecraft:iron_axe":167,"minecraft:grass_block":1,"easy_hammers:iron_hammer":63,"quark:green_corundum_cluster":1,"born_in_chaos_v1:gnawed_bones":1,"gobber2:gobber2_gooey_beef":2,"minecraft:beef":1,"minecraft:goat_horn":1,"minecraft:furnace":5,"tombstone:gift":4,"minecraft:cobbled_deepslate":46,"minecraft:water_bucket":7,"minecraft:stone_pickaxe":120,"minecraft:wooden_pickaxe":28,"minecraft:green_bed":2,"minecraft:cookie":11,"minecraft:crafting_table":13,"easy_villagers:villager":21,"minecraft:bread":3,"minecraft:iron_pickaxe":142,"minecraft:melon_slice":56,"iceandfire:copper_hoe":34,"tombstone:grave_key":3,"minecraft:wooden_sword":51,"minecraft:bucket":9},"minecraft:crafted":{"minecraft:wooden_sword":1,"easy_hammers:iron_hammer":1,"biomesoplenty:mahogany_planks":4,"quark:jungle_chest":1,"minecraft:furnace":3,"minecraft:iron_boots":2,"minecraft:leather":17,"minecraft:iron_axe":2,"minecraft:stone_pickaxe":1,"minecraft:wheat":63,"sophisticatedbackpacks:iron_backpack":1,"paraglider:paraglider":1,"sophisticatedbackpacks:backpack":1,"minecraft:crafting_table":2,"minecraft:wooden_pickaxe":1,"minecraft:iron_helmet":2,"minecraft:iron_sword":2,"minecraft:copper_ingot":26,"sophisticatedbackpacks:gold_backpack":1,"minecraft:bucket":2,"minecraft:bread":62,"minecraft:air":0,"minecraft:jungle_planks":48,"iceandfire:copper_hoe":1,"minecraft:jungle_door":3,"minecraft:iron_chestplate":2,"minecraft:shield":2,"minecraft:raw_gold":45,"minecraft:stick":32,"minecraft:iron_ingot":117,"minecraft:iron_pickaxe":1,"minecraft:wooden_axe":1,"minecraft:iron_leggings":2,"minecraft:gold_ingot":28,"minecraft:torch":12},"minecraft:dropped":{"iceandfire:raw_silver":2,"minecraft:iron_sword":1,"minecraft:cooked_beef":7,"minecraft:glow_ink_sac":4,"minecraft:feather":1,"minecraft:cobblestone":30,"minecraft:jungle_planks":16,"minecraft:coal":6,"minecraft:stick":1,"minecraft:dirt":141,"born_in_chaos_v1:monster_flesh":6,"iceandfire:deathworm_chitin_red":6,"luminousworld:soawwhytb":1,"born_in_chaos_v1:gnawed_bones":1,"minecraft:diorite":5,"minecraft:torch":2,"minecraft:wooden_axe":1,"minecraft:iron_leggings":1,"minecraft:iron_axe":1,"undead_revamp2:blacpetalblock":1,"minecraft:string":1,"minecraft:dandelion":1,"minecraft:cobbled_deepslate":21,"minecraft:rotten_flesh":10,"minecraft:iron_boots":1,"supplementaries:ash":12,"minecraft:iron_chestplate":1,"born_in_chaos_v1:corpse_maggot":2,"minecraft:andesite":1,"easy_villagers:villager":1,"minecraft:wooden_pickaxe":2},"minecraft:mined":{"minecraft:tuff":1,"minecraft:red_carpet":1,"minecraft:attached_melon_stem":1,"minecraft:yellow_wall_banner":1,"minecraft:deepslate_diamond_ore":9,"biomesoplenty:desert_grass":1,"paraglider:rito_goddess_statue":1,"minecraft:jungle_leaves":1,"minecraft:grass_block":1,"gobber2:gobber2_ore_deepslate":18,"quark:green_corundum_cluster":5,"gobber2:gobber2_lucky_block":6,"minecraft:jungle_log":8,"iceandfire:deepslate_silver_ore":2,"minecraft:hay_block":23,"minecraft:large_fern":2,"minecraft:furnace":3,"minecraft:iron_ore":89,"minecraft:fire":4,"minecraft:cobbled_deepslate":6,"minecraft:andesite":1,"minecraft:deepslate_lapis_ore":8,"minecraft:vine":6,"minecraft:deepslate_iron_ore":46,"minecraft:stone":58,"minecraft:white_wool":1,"minecraft:green_bed":3,"minecraft:deepslate_redstone_ore":11,"minecraft:blackstone":4,"minecraft:smoker":1,"minecraft:amethyst_cluster":1,"minecraft:crafting_table":12,"minecraft:torch":2,"quark:white_corundum_cluster":1,"minecraft:emerald_ore":1,"minecraft:poppy":6,"minecraft:melon":20,"iceandfire:ghost_chest":1,"minecraft:dead_bush":1,"minecraft:deepslate_gold_ore":5,"minecraft:lapis_ore":3,"minecraft:grindstone":2,"minecraft:sugar_cane":4,"minecraft:diorite":5,"minecraft:wall_torch":9,"supplementaries:urn":5,"minecraft:cactus":2,"paraglider:horned_statue":1,"minecraft:wheat":13,"biomesoplenty:mahogany_log":46,"minecraft:redstone_torch":2,"quark:green_corundum":1,"minecraft:tnt":4,"gobber2:gobber2_lucky_block_deepslate":7,"minecraft:grass":25,"minecraft:coal_ore":26,"minecraft:gravel":3,"minecraft:sand":5,"minecraft:dirt":2,"minecraft:gray_carpet":2,"minecraft:cobweb":2,"minecraft:chipped_anvil":2,"minecraft:gold_ore":2,"minecraft:fern":6,"minecraft:deepslate":11},"minecraft:broken":{"minecraft:iron_axe":1,"minecraft:wooden_sword":1,"minecraft:iron_sword":1,"minecraft:iron_helmet":1},"minecraft:killed":{"enemyexpansion:trollenraged":1,"earthmobsmod:jumbo_rabbit":2,"born_in_chaos_v1:restless_spirit":1,"minecraft:spider":2,"enemyexpansion:direwolf":6,"alexsmobs:rattlesnake":1,"born_in_chaos_v1:zombie_bruiser":1,"undead_revamp2:theswarmer":1,"born_in_chaos_v1:maggot":3,"luminousworld:pheonix":1,"naturalist:elephant":2,"undead_revamp2:therod":2,"born_in_chaos_v1:spirit_guide":1,"minecraft:husk":1,"minecraft:parrot":1,"born_in_chaos_v1:baby_skeleton":1,"born_in_chaos_v1:spirit_guide_assistant":5,"undead_revamp2:the_moonflower":4,"enemyexpansion:sprinter":1,"undead_revamp2:thesomnolence":1,"minecraft:zombie":10,"born_in_chaos_v1:dread_hound":2,"born_in_chaos_v1:corpse_fly":1,"born_in_chaos_v1:nightmare_stalker":1,"alexsmobs:roadrunner":1,"minecraft:enderman":1,"enemyexpansion:slugger":1}},"DataVersion":3465}