{"stats":{"minecraft:used":{"gobber2:gobber2_goo":3,"minecraft:spruce_slab":3,"minecraft:chest":7,"gobber2:gobber2_gooey_bread":1,"minecraft:shield":13,"minecraft:iron_sword":495,"minecraft:rotten_flesh":2,"minecraft:grass_block":1,"born_in_chaos_v1:gnawed_bones":1,"minecraft:bow":12,"minecraft:furnace":5,"minecraft:stone_pickaxe":120,"minecraft:wooden_pickaxe":28,"minecraft:cookie":11,"easy_villagers:villager":21,"minecraft:bread":62,"minecraft:melon_slice":56,"tombstone:grave_key":8,"iceandfire:copper_hoe":75,"minecraft:wooden_sword":51,"simpletomb:grave_key":2,"minecraft:torch":29,"minecraft:dirt":40,"minecraft:spruce_stairs":4,"minecraft:wooden_axe":43,"minecraft:iron_axe":220,"easy_hammers:iron_hammer":199,"quark:green_corundum_cluster":1,"minecraft:iron_boots":1,"gobber2:gobber2_gooey_beef":2,"minecraft:beef":1,"minecraft:goat_horn":1,"tombstone:gift":5,"minecraft:cobbled_deepslate":130,"minecraft:water_bucket":24,"minecraft:green_bed":2,"minecraft:crafting_table":17,"minecraft:flower_pot":1,"minecraft:diamond_pickaxe":23,"minecraft:iron_pickaxe":169,"minecraft:spruce_trapdoor":6,"minecraft:bucket":26},"minecraft:broken":{"minecraft:wooden_sword":1,"minecraft:iron_sword":1,"minecraft:iron_axe":1,"minecraft:iron_helmet":1},"minecraft:crafted":{"easy_hammers:iron_hammer":2,"minecraft:iron_boots":4,"minecraft:chest":6,"sophisticatedbackpacks:backpack":1,"minecraft:crafting_table":2,"minecraft:spruce_planks":80,"minecraft:iron_helmet":2,"minecraft:wooden_pickaxe":1,"minecraft:copper_ingot":26,"minecraft:hay_block":26,"iceandfire:copper_hoe":1,"minecraft:iron_chestplate":3,"minecraft:shield":2,"sophisticatedbackpacks:diamond_backpack":1,"minecraft:stick":32,"minecraft:iron_pickaxe":1,"minecraft:iron_ingot":117,"minecraft:gold_ingot":37,"minecraft:wooden_sword":1,"minecraft:coal":72,"biomesoplenty:mahogany_planks":4,"quark:jungle_chest":1,"minecraft:furnace":3,"minecraft:leather":17,"minecraft:iron_axe":2,"minecraft:stone_pickaxe":1,"quark:spruce_chest":6,"minecraft:wheat":63,"sophisticatedbackpacks:iron_backpack":1,"paraglider:paraglider":1,"minecraft:iron_sword":2,"sophisticatedbackpacks:gold_backpack":1,"minecraft:bucket":2,"minecraft:bread":63,"minecraft:air":0,"minecraft:jungle_planks":48,"minecraft:jungle_door":3,"minecraft:raw_gold":45,"minecraft:wooden_axe":1,"minecraft:iron_leggings":4,"minecraft:torch":20},"minecraft:mined":{"minecraft:attached_melon_stem":1,"minecraft:jungle_leaves":1,"paraglider:rito_goddess_statue":1,"minecraft:spruce_trapdoor":11,"minecraft:grass_block":1,"gobber2:gobber2_ore_deepslate":79,"quark:green_corundum_cluster":5,"gobber2:gobber2_lucky_block":7,"minecraft:jungle_log":8,"minecraft:coal_block":1,"luminousworld:savanna_grass_2":2,"minecraft:spawner":8,"minecraft:iron_ore":94,"minecraft:fire":4,"minecraft:cobbled_deepslate":13,"minecraft:deepslate_lapis_ore":14,"minecraft:anvil":1,"minecraft:potted_dandelion":1,"iceandfire:gold_pile":3,"minecraft:iron_bars":1,"minecraft:spruce_slab":6,"minecraft:green_bed":3,"minecraft:deepslate_redstone_ore":13,"minecraft:blackstone":4,"minecraft:smoker":2,"biomesoplenty:wildflower":1,"minecraft:amethyst_cluster":1,"born_in_chaos_v1:infected_deepslate_diamond_ore":3,"minecraft:torch":6,"quark:white_corundum_cluster":1,"minecraft:blast_furnace":3,"minecraft:poppy":6,"minecraft:melon":20,"iceandfire:ghost_chest":2,"minecraft:chest":1,"minecraft:dead_bush":1,"minecraft:sugar_cane":4,"minecraft:grindstone":2,"minecraft:wall_torch":14,"paraglider:horned_statue":1,"minecraft:wheat":24,"minecraft:tnt":5,"minecraft:smooth_stone_slab":1,"minecraft:grass":32,"minecraft:sand":5,"minecraft:dirt":2,"minecraft:piston":1,"minecraft:deepslate":25,"minecraft:tuff":1,"minecraft:red_carpet":1,"minecraft:yellow_wall_banner":1,"iceandfire:silver_ore":5,"minecraft:deepslate_diamond_ore":24,"biomesoplenty:desert_grass":3,"sawmill:sawmill":1,"iceandfire:deepslate_silver_ore":2,"minecraft:large_fern":2,"minecraft:hay_block":54,"minecraft:furnace":3,"minecraft:polished_basalt":1,"minecraft:andesite":1,"minecraft:stripped_spruce_log":22,"minecraft:gold_block":1,"minecraft:deepslate_iron_ore":50,"minecraft:vine":7,"biomesoplenty:barley":3,"luminousworld:groundpebbles_2":1,"minecraft:stone":58,"minecraft:white_wool":1,"minecraft:crafting_table":15,"minecraft:emerald_ore":1,"minecraft:campfire":1,"minecraft:tall_grass":3,"minecraft:lapis_ore":3,"minecraft:deepslate_gold_ore":6,"minecraft:diorite":5,"supplementaries:urn":12,"minecraft:spruce_stairs":6,"minecraft:cactus":2,"biomesoplenty:mahogany_log":46,"minecraft:redstone_torch":2,"quark:green_corundum":1,"gobber2:gobber2_lucky_block_deepslate":23,"minecraft:coal_ore":26,"iceandfire:silver_pile":3,"minecraft:gravel":3,"minecraft:gray_carpet":2,"minecraft:cobweb":17,"minecraft:stone_bricks":2,"minecraft:chipped_anvil":2,"minecraft:gold_ore":2,"minecraft:fern":6},"minecraft:picked_up":{"minecraft:wooden_axe":1,"minecraft:iron_chestplate":2,"minecraft:wheat":352,"minecraft:chainmail_boots":1,"iceandfire:copper_sword":1,"minecraft:flower_pot":2,"minecraft:anvil":1,"minecraft:stone_slab":1,"minecraft:enchanted_book":4,"minecraft:string":22,"minecraft:raw_copper":4,"minecraft:iron_leggings":1,"minecraft:armor_stand":1,"minecraft:experience_bottle":1,"minecraft:red_sand":4,"minecraft:gold_nugget":18,"minecraft:cobbled_deepslate":692,"minecraft:spruce_planks":16,"minecraft:redstone_torch":2,"minecraft:melon_slice":92,"minecraft:coal_block":8,"minecraft:iron_boots":1,"minecraft:furnace":4,"minecraft:stick":4,"iceandfire:ghost_chest":2,"born_in_chaos_v1:shattered_skull":1,"minecraft:torch":41,"minecraft:green_bed":3,"minecraft:spruce_stairs":20,"minecraft:golden_axe":1,"tombstone:grave_dust":4,"minecraft:diorite":5,"born_in_chaos_v1:nightmare_claw":1,"minecraft:rabbit_foot":2,"minecraft:yellow_banner":1,"gobber2:gobber2_foo":6,"minecraft:cactus":4,"minecraft:rotten_flesh":93,"minecraft:white_terracotta":1,"supplementaries:ash":25,"minecraft:iron_bars":1,"minecraft:cobblestone":195,"minecraft:leather_chestplate":1,"minecraft:feather":3,"minecraft:cooked_beef":7,"minecraft:andesite":1,"minecraft:jungle_log":12,"minecraft:smoker":2,"paraglider:spirit_orb":16,"minecraft:flint":1,"minecraft:tuff":77,"supplementaries:flax_seeds":3,"minecraft:lapis_lazuli":157,"minecraft:dirt":242,"born_in_chaos_v1:monster_skin":2,"minecraft:bone":51,"minecraft:chipped_anvil":2,"undead_revamp2:blacpetalblock":1,"quark:dark_oak_trapped_chest":1,"gobber2:gobber2_gooey_beef":10,"minecraft:wheat_seeds":575,"minecraft:raw_gold":16,"minecraft:grindstone":2,"gobber2:gobber2_globette":152,"minecraft:diamond_helmet":1,"minecraft:rabbit":2,"gobber2:gobber2_gooey_bread":12,"minecraft:black_terracotta":1,"ecologics:prickly_pear":1,"minecraft:jungle_planks":16,"minecraft:sand":9,"minecraft:stripped_spruce_log":33,"sophisticatedbackpacks:jukebox_upgrade":1,"minecraft:dead_bush":1,"minecraft:grass_block":1,"minecraft:trapped_chest":1,"minecraft:barrel":1,"minecraft:bundle":1,"minecraft:diamond":32,"waystones:waystone":1,"iceandfire:dragon_ice":1,"minecraft:golden_apple":3,"minecraft:spruce_sign":1,"minecraft:bread":1,"minecraft:emerald":9,"minecraft:chiseled_red_sandstone":4,"iceandfire:silver_nugget":48,"gobber2:gobber2_goo":15,"iceandfire:raw_silver":8,"minecraft:diamond_pickaxe":2,"luminousworld:groundpebbles_1":1,"minecraft:charcoal":2,"born_in_chaos_v1:diamond_termite_shard":3,"minecraft:crafting_table":16,"quark:white_corundum_cluster":1,"minecraft:golden_pickaxe":1,"minecraft:leather_leggings":1,"luminousworld:soawwhytb":2,"minecraft:wooden_pickaxe":1,"minecraft:gold_block":1,"minecraft:chain":1,"minecraft:iron_axe":1,"minecraft:item_frame":7,"minecraft:iron_shovel":1,"paraglider:rito_goddess_statue":1,"minecraft:beef":1,"sawmill:sawmill":1,"born_in_chaos_v1:gnawed_bones":2,"minecraft:poppy":12,"minecraft:spruce_slab":16,"minecraft:sugar_cane":9,"minecraft:chest":4,"minecraft:spruce_trapdoor":24,"minecraft:piston":1,"minecraft:raw_iron":190,"iceandfire:dragonbone":9,"quark:green_corundum_cluster":6,"bygonenether:cobbled_blackstone":63,"minecraft:copper_ingot":5,"iceandfire:deathworm_chitin_red":6,"minecraft:cookie":12,"minecraft:redstone":76,"iceandfire:dragon_skull_ice":1,"minecraft:tnt":5,"iceandfire:silver_ingot":3,"minecraft:arrow":12,"minecraft:pumpkin_pie":1,"minecraft:hay_block":54,"minecraft:saddle":1,"minecraft:gold_ingot":3,"paraglider:horned_statue":1,"minecraft:glow_berries":2,"minecraft:white_wool":1,"born_in_chaos_v1:fused_bone":1,"born_in_chaos_v1:corpse_maggot":2,"born_in_chaos_v1:monster_flesh":7,"minecraft:glow_ink_sac":4,"luminousworld:ishstone":7,"minecraft:leather":5,"gobber2:gobber2_gooey_beefstew":6,"minecraft:music_disc_stal":1,"minecraft:gunpowder":18,"easy_hammers:iron_hammer":5,"tombstone:gift":1,"minecraft:red_carpet":1,"minecraft:gray_carpet":2,"minecraft:stone_bricks":2,"minecraft:rabbit_hide":8,"minecraft:iron_ingot":4,"mowziesmobs:umvuthana_mask_misery":1,"minecraft:iron_sword":1,"born_in_chaos_v1:ethereal_spirit":2,"minecraft:dandelion":3,"minecraft:gravel":10,"born_in_chaos_v1:dark_rod":2,"minecraft:amethyst_shard":4,"minecraft:blast_furnace":3,"quark:green_corundum":1,"biomesoplenty:mahogany_log":10,"minecraft:stone_axe":2,"tombstone:scroll_of_knowledge":1,"tombstone:magic_scroll":1,"minecraft:melon_seeds":2,"minecraft:coal":52,"minecraft:ender_pearl":1},"minecraft:dropped":{"minecraft:iron_sword":1,"iceandfire:raw_silver":2,"minecraft:cooked_beef":7,"minecraft:glow_ink_sac":4,"minecraft:jungle_planks":16,"born_in_chaos_v1:monster_flesh":6,"minecraft:dirt":141,"luminousworld:soawwhytb":1,"undead_revamp2:blacpetalblock":1,"minecraft:cobbled_deepslate":24,"minecraft:rotten_flesh":10,"supplementaries:ash":12,"born_in_chaos_v1:corpse_maggot":2,"minecraft:chest":3,"minecraft:spruce_slab":13,"minecraft:stripped_spruce_log":8,"minecraft:feather":1,"minecraft:cobblestone":30,"minecraft:spruce_stairs":14,"minecraft:coal":6,"minecraft:stick":1,"iceandfire:deathworm_chitin_red":6,"born_in_chaos_v1:gnawed_bones":1,"minecraft:diorite":5,"minecraft:torch":2,"minecraft:wooden_axe":1,"minecraft:iron_leggings":1,"minecraft:iron_axe":1,"minecraft:string":1,"minecraft:dandelion":1,"minecraft:iron_boots":1,"easy_hammers:iron_hammer":6,"minecraft:spruce_trapdoor":15,"minecraft:spruce_planks":16,"minecraft:diamond_pickaxe":1,"minecraft:iron_chestplate":1,"minecraft:andesite":1,"easy_villagers:villager":1,"minecraft:wooden_pickaxe":2},"minecraft:killed_by":{"born_in_chaos_v1:nightmare_stalker":2,"born_in_chaos_v1:corpse_fly":1,"undead_revamp2:bomber":1,"iceandfire:ice_dragon":4,"minecraft:zombie":3,"born_in_chaos_v1:spirit_guide_assistant":2,"enemyexpansion:invisicreeper":2,"minecraft:husk":1,"minecraft:player":5,"enemyexpansion:trollenraged":1,"minecraft:enderman":1,"enemyexpansion:vampire":1,"minecraft:skeleton":3,"enemyexpansion:botfly":1},"minecraft:custom":{"minecraft:interact_with_crafting_table":55,"minecraft:open_barrel":62,"goblintraders:trade_with_goblin":43,"minecraft:bell_ring":2,"minecraft:eat_cake_slice":2,"minecraft:leave_game":3,"minecraft:time_since_death":22622,"minecraft:damage_resisted":89,"minecraft:sprint_one_cm":566051,"minecraft:damage_blocked_by_shield":285,"minecraft:drop":103,"minecraft:talked_to_villager":2,"minecraft:play_time":315318,"minecraft:deaths":29,"minecraft:jump":3353,"minecraft:walk_on_water_one_cm":37859,"minecraft:interact_with_furnace":79,"minecraft:sleep_in_bed":1,"minecraft:damage_dealt":24078,"minecraft:player_kills":2,"minecraft:crouch_one_cm":1834,"tombstone:undead_killed":48,"minecraft:interact_with_anvil":1,"minecraft:mob_kills":93,"minecraft:damage_dealt_resisted":860,"minecraft:climb_one_cm":5164,"minecraft:walk_one_cm":697146,"minecraft:sneak_time":1981,"minecraft:walk_under_water_one_cm":43422,"minecraft:boat_one_cm":34530,"minecraft:interact_with_lectern":5,"minecraft:total_world_time":315318,"tombstone:raider_killed":1,"minecraft:pot_flower":1,"minecraft:time_since_rest":22417,"minecraft:damage_taken":12745,"minecraft:trigger_trapped_chest":1,"minecraft:swim_one_cm":22481,"minecraft:fly_one_cm":559275,"minecraft:open_chest":80,"minecraft:fall_one_cm":87614},"minecraft:killed":{"earthmobsmod:jumbo_rabbit":2,"born_in_chaos_v1:restless_spirit":1,"minecraft:spider":2,"undead_revamp2:theswarmer":1,"minecraft:skeleton":10,"undead_revamp2:therod":2,"enemyexpansion:vampflyer":1,"minecraft:parrot":1,"born_in_chaos_v1:diamond_termite":3,"minecraft:zombie":11,"born_in_chaos_v1:dread_hound":2,"born_in_chaos_v1:corpse_fly":1,"alexsmobs:roadrunner":1,"enemyexpansion:trollenraged":1,"undead_revamp2:thegliter":2,"undead_revamp2:bomber":1,"enemyexpansion:direwolf":8,"alexsmobs:rattlesnake":1,"born_in_chaos_v1:zombie_bruiser":1,"born_in_chaos_v1:maggot":3,"luminousworld:pheonix":1,"naturalist:elephant":2,"mowziesmobs:umvuthana":2,"born_in_chaos_v1:spirit_guide":1,"minecraft:husk":2,"born_in_chaos_v1:baby_skeleton":1,"born_in_chaos_v1:spirit_guide_assistant":5,"undead_revamp2:the_moonflower":4,"enemyexpansion:sprinter":3,"undead_revamp2:thesomnolence":1,"born_in_chaos_v1:dark_vortex":1,"enemyexpansion:huntsman":1,"born_in_chaos_v1:nightmare_stalker":1,"minecraft:enderman":1,"enemyexpansion:slugger":2}},"DataVersion":3465}