{"stats":{"minecraft:broken":{"minecraft:wooden_sword":1},"minecraft:picked_up":{"born_in_chaos_v1:corpse_maggot":2,"minecraft:crafting_table":3,"minecraft:cooked_beef":7,"minecraft:jungle_log":7,"minecraft:music_disc_stal":1,"minecraft:wooden_pickaxe":1,"minecraft:lapis_lazuli":18,"minecraft:dirt":206,"born_in_chaos_v1:monster_skin":1,"minecraft:bone":3,"undead_revamp2:blacpetalblock":1,"minecraft:wheat_seeds":6,"minecraft:beef":1,"minecraft:redstone_torch":2,"born_in_chaos_v1:gnawed_bones":1,"minecraft:melon_slice":84,"minecraft:stick":2,"minecraft:raw_iron":57,"minecraft:copper_ingot":1,"minecraft:torch":8,"minecraft:dandelion":1,"minecraft:gravel":3,"minecraft:grass_block":1,"minecraft:redstone":1,"minecraft:rotten_flesh":10,"minecraft:coal":26,"minecraft:cobblestone":41,"minecraft:ender_pearl":1},"minecraft:used":{"minecraft:stone_pickaxe":94,"minecraft:wooden_pickaxe":28,"minecraft:rotten_flesh":2,"minecraft:torch":8,"minecraft:dirt":22,"minecraft:crafting_table":3,"minecraft:wooden_axe":43,"minecraft:iron_axe":1,"minecraft:melon_slice":12,"minecraft:grass_block":1,"minecraft:wooden_sword":51,"minecraft:beef":1,"minecraft:furnace":1,"tombstone:gift":3},"minecraft:mined":{"minecraft:jungle_leaves":1,"minecraft:crafting_table":3,"minecraft:torch":2,"minecraft:grass_block":1,"minecraft:melon":17,"minecraft:jungle_log":3,"minecraft:lapis_ore":3,"minecraft:wall_torch":6,"minecraft:redstone_torch":2,"minecraft:iron_ore":56,"minecraft:grass":11,"minecraft:coal_ore":25,"minecraft:vine":3,"minecraft:gravel":3,"minecraft:dirt":2,"minecraft:stone":36,"minecraft:fern":5},"minecraft:crafted":{"minecraft:wooden_sword":1,"minecraft:crafting_table":1,"minecraft:wooden_pickaxe":1,"minecraft:iron_sword":1,"minecraft:furnace":1,"minecraft:air":0,"minecraft:jungle_planks":28,"minecraft:iron_axe":1,"minecraft:stick":16,"minecraft:iron_ingot":26,"minecraft:iron_pickaxe":1,"minecraft:stone_pickaxe":1,"minecraft:wooden_axe":1,"minecraft:torch":8},"minecraft:dropped":{"minecraft:cooked_beef":7,"minecraft:rotten_flesh":6,"minecraft:dirt":105},"minecraft:killed":{"undead_revamp2:the_moonflower":1,"born_in_chaos_v1:zombie_bruiser":1,"undead_revamp2:theswarmer":1,"minecraft:zombie":1,"born_in_chaos_v1:dread_hound":1,"born_in_chaos_v1:corpse_fly":1},"minecraft:custom":{"minecraft:interact_with_furnace":12,"minecraft:mob_kills":7,"minecraft:interact_with_crafting_table":6,"minecraft:damage_dealt_resisted":40,"minecraft:leave_game":1,"minecraft:time_since_death":11893,"minecraft:climb_one_cm":1047,"minecraft:time_since_rest":11336,"minecraft:sprint_one_cm":76410,"minecraft:damage_taken":1898,"minecraft:walk_one_cm":86788,"minecraft:drop":4,"minecraft:damage_dealt":1947,"minecraft:swim_one_cm":2310,"minecraft:fly_one_cm":208046,"minecraft:crouch_one_cm":290,"minecraft:play_time":93697,"tombstone:undead_killed":4,"minecraft:deaths":6,"minecraft:sneak_time":351,"minecraft:walk_under_water_one_cm":16487,"minecraft:jump":709,"minecraft:walk_on_water_one_cm":5269,"minecraft:total_world_time":93697,"minecraft:fall_one_cm":14488},"minecraft:killed_by":{"minecraft:player":4,"born_in_chaos_v1:corpse_fly":1}},"DataVersion":3465}