{
  "iceandfire:iceandfire/root": {
    "criteria": {
      "tick": "2024-09-20 16:12:25 +0000"
    },
    "done": true
  },
  "takesapillage:root": {
    "criteria": {
      "always": "2024-09-20 16:12:25 +0000"
    },
    "done": true
  },
  "explorerscompass:explorers_compass_cracked_stone_bricks": {
    "criteria": {
      "has_recipe": "2024-09-20 16:12:25 +0000"
    },
    "done": true
  },
  "dungeons_arise:wda_root": {
    "criteria": {
      "WDA": "2024-09-20 16:12:25 +0000"
    },
    "done": true
  },
  "undead_revamp2:theundeadchallenges": {
    "criteria": {
      "theundeadchallenges": "2024-09-20 16:12:25 +0000"
    },
    "done": true
  },
  "friendsandfoes:misc/yellow_dye_from_buttercup": {
    "criteria": {
      "has_the_recipe": "2024-09-20 16:12:25 +0000"
    },
    "done": true
  },
  "naturescompass:natures_compass_log": {
    "criteria": {
      "has_recipe": "2024-09-20 16:12:25 +0000"
    },
    "done": true
  },
  "repurposed_structures:root": {
    "criteria": {
      "always": "2024-09-20 16:12:25 +0000"
    },
    "done": true
  },
  "naturescompass:natures_compass": {
    "criteria": {
      "has_recipe": "2024-09-20 16:12:25 +0000"
    },
    "done": true
  },
  "naturescompass:natures_compass_sapling": {
    "criteria": {
      "has_recipe": "2024-09-20 16:12:25 +0000"
    },
    "done": true
  },
  "mca:recipes/building_blocks/headstones": {
    "criteria": {
      "has_the_cross_recipe": "2024-09-20 16:12:25 +0000"
    },
    "done": true
  },
  "mowziesmobs:root": {
    "criteria": {
      "custom_test_name": "2024-09-20 16:12:25 +0000"
    },
    "done": true
  },
  "betterdungeons:root": {
    "criteria": {
      "always": "2024-09-20 16:12:25 +0000"
    },
    "done": true
  },
  "placeablesmod:placeables": {
    "criteria": {
      "placeables": "2024-09-20 16:12:25 +0000"
    },
    "done": true
  },
  "explorerscompass:explorers_compass_cobweb": {
    "criteria": {
      "has_recipe": "2024-09-20 16:12:25 +0000"
    },
    "done": true
  },
  "eeeabsmobs:eeeabsmobs/root": {
    "criteria": {
      "requirement": "2024-09-20 16:12:25 +0000"
    },
    "done": true
  },
  "betterdeserttemples:root": {
    "criteria": {
      "always": "2024-09-20 16:12:25 +0000"
    },
    "done": true
  },
  "cataclysm:root": {
    "criteria": {
      "custom_test_name": "2024-09-20 16:12:25 +0000"
    },
    "done": true
  },
  "incendium:technical/new_player": {
    "criteria": {
      "requirement": "2024-09-20 16:12:25 +0000"
    },
    "done": true
  },
  "explorerscompass:explorers_compass": {
    "criteria": {
      "has_recipe": "2024-09-20 16:12:25 +0000"
    },
    "done": true
  },
  "incendium:technical/scroll_of_returning": {
    "criteria": {
      "log_spam_fixer": "2024-09-20 16:12:26 +0000"
    },
    "done": false
  },
  "incendium:technical/using/ragnarok": {
    "criteria": {
      "log_spam_fixer": "2024-09-20 16:12:26 +0000"
    },
    "done": false
  },
  "incendium:technical/using/trailblazer": {
    "criteria": {
      "log_spam_fixer": "2024-09-20 16:12:26 +0000"
    },
    "done": false
  },
  "minecraft:adventure/adventuring_time": {
    "criteria": {
      "minecraft:taiga": "2024-09-22 16:45:43 +0000",
      "minecraft:windswept_hills": "2024-09-22 16:42:25 +0000",
      "minecraft:badlands": "2024-09-20 20:11:51 +0000",
      "minecraft:savanna_plateau": "2024-09-20 20:43:45 +0000",
      "minecraft:beach": "2024-09-20 21:06:25 +0000",
      "minecraft:dark_forest": "2024-09-22 16:09:24 +0000",
      "minecraft:sparse_jungle": "2024-09-20 16:12:26 +0000",
      "minecraft:river": "2024-09-20 16:25:17 +0000",
      "minecraft:snowy_plains": "2024-09-23 17:24:38 +0000",
      "minecraft:cold_ocean": "2024-09-23 17:23:01 +0000",
      "minecraft:forest": "2024-09-22 16:46:21 +0000",
      "minecraft:lush_caves": "2024-09-20 21:15:18 +0000",
      "minecraft:desert": "2024-09-20 20:11:25 +0000",
      "minecraft:windswept_forest": "2024-09-20 21:06:13 +0000",
      "minecraft:jungle": "2024-09-20 16:25:20 +0000",
      "minecraft:snowy_beach": "2024-09-23 17:23:28 +0000",
      "minecraft:old_growth_birch_forest": "2024-09-20 20:52:40 +0000",
      "minecraft:savanna": "2024-09-20 20:49:05 +0000",
      "minecraft:plains": "2024-09-20 16:26:15 +0000"
    },
    "done": false
  },
  "incendium:technical/using/shield": {
    "criteria": {
      "log_spam_fixer": "2024-09-20 16:12:26 +0000"
    },
    "done": false
  },
  "tombstone:adventure/root": {
    "criteria": {
      "auto": "2024-09-20 16:12:26 +0000"
    },
    "done": true
  },
  "regions_unexplored:parent": {
    "criteria": {
      "load_in_world": "2024-09-20 16:12:26 +0000"
    },
    "done": true
  },
  "mutantmonsters:root": {
    "criteria": {
      "killed_by_something": "2024-09-20 16:16:51 +0000"
    },
    "done": true
  },
  "tombstone:adventure/first_grave": {
    "criteria": {
      "coded_trigger": "2024-09-20 16:16:51 +0000"
    },
    "done": true
  },
  "minecraft:adventure/root": {
    "criteria": {
      "killed_by_something": "2024-09-20 16:16:51 +0000"
    },
    "done": true
  },
  "farmersdelight:main/root": {
    "criteria": {
      "seeds": "2024-09-20 16:22:11 +0000"
    },
    "done": true
  },
  "paraglider:root": {
    "criteria": {
      "crafting_table": "2024-09-20 16:24:34 +0000"
    },
    "done": true
  },
  "minecraft:story/root": {
    "criteria": {
      "crafting_table": "2024-09-20 16:24:34 +0000"
    },
    "done": true
  },
  "minecraft:story/mine_stone": {
    "criteria": {
      "get_stone": "2024-09-20 16:26:20 +0000"
    },
    "done": true
  },
  "genshinstrument:recipes/windsong_lyre": {
    "criteria": {
      "has_main": "2024-09-20 16:27:16 +0000"
    },
    "done": true
  },
  "biomesoplenty:biomesoplenty/root": {
    "criteria": {
      "volcano": "2024-09-20 16:27:51 +0000"
    },
    "done": true
  },
  "biomesoplenty:biomesoplenty/all_biomes": {
    "criteria": {
      "mystic_grove": "2024-09-22 16:21:15 +0000",
      "field": "2024-09-22 16:22:49 +0000",
      "mediterranean_forest": "2024-09-20 20:41:29 +0000",
      "spider_nest": "2024-09-20 20:26:26 +0000",
      "dryland": "2024-09-20 20:19:01 +0000",
      "wasteland": "2024-09-20 20:04:02 +0000",
      "lush_desert": "2024-09-20 20:14:39 +0000",
      "wasteland_steppe": "2024-09-20 20:41:02 +0000",
      "volcano": "2024-09-20 16:27:51 +0000",
      "rocky_rainforest": "2024-09-20 16:28:08 +0000",
      "volcanic_plains": "2024-09-20 16:27:53 +0000",
      "grassland": "2024-09-22 16:09:39 +0000",
      "glowing_grotto": "2024-09-20 16:29:51 +0000",
      "ominous_woods": "2024-09-22 16:55:17 +0000"
    },
    "done": false
  },
  "minecraft:husbandry/balanced_diet": {
    "criteria": {
      "cooked_porkchop": "2024-09-20 20:51:56 +0000",
      "cooked_mutton": "2024-09-20 20:05:12 +0000",
      "cooked_beef": "2024-09-20 16:28:45 +0000",
      "bread": "2024-09-20 21:03:41 +0000"
    },
    "done": false
  },
  "minecraft:husbandry/root": {
    "criteria": {
      "consumed_item": "2024-09-20 16:28:45 +0000"
    },
    "done": true
  },
  "minecraft:story/upgrade_tools": {
    "criteria": {
      "stone_pickaxe": "2024-09-20 16:31:12 +0000"
    },
    "done": true
  },
  "genshinstrument:genshin_instruments/root": {
    "criteria": {
      "has_instruments": "2024-09-20 16:32:28 +0000"
    },
    "done": true
  },
  "tombstone:adventure/cancel_ghostly_shape": {
    "criteria": {
      "coded_trigger": "2024-09-20 16:32:31 +0000"
    },
    "done": true
  },
  "minecraft:adventure/kill_all_mobs": {
    "criteria": {
      "minecraft:skeleton": "2024-09-20 16:33:52 +0000",
      "minecraft:piglin_brute": "2024-09-22 15:53:43 +0000",
      "minecraft:spider": "2024-09-22 16:31:07 +0000",
      "minecraft:husk": "2024-09-20 20:27:43 +0000",
      "minecraft:zombie": "2024-09-20 20:15:45 +0000"
    },
    "done": false
  },
  "minecraft:adventure/kill_a_mob": {
    "criteria": {
      "minecraft:skeleton": "2024-09-20 16:33:52 +0000"
    },
    "done": true
  },
  "mca:recipes/misc/family_tree": {
    "criteria": {
      "has_item": "2024-09-20 16:38:28 +0000"
    },
    "done": true
  },
  "mca:recipes/misc/comb": {
    "criteria": {
      "has_item": "2024-09-20 16:39:26 +0000"
    },
    "done": true
  },
  "minecraft:story/smelt_iron": {
    "criteria": {
      "iron": "2024-09-20 16:39:26 +0000"
    },
    "done": true
  },
  "mca:recipes/misc/needle_and_thread": {
    "criteria": {
      "has_item": "2024-09-20 16:39:26 +0000"
    },
    "done": true
  },
  "mca:recipes/misc/whistle": {
    "criteria": {
      "has_item": "2024-09-20 16:39:26 +0000"
    },
    "done": true
  },
  "tombstone:recipes/from_grave_dust": {
    "criteria": {
      "has_ingredient": "2024-09-20 16:40:08 +0000"
    },
    "done": true
  },
  "minecraft:story/iron_tools": {
    "criteria": {
      "iron_pickaxe": "2024-09-20 16:40:21 +0000"
    },
    "done": true
  },
  "tombstone:adventure/find_grave_dust": {
    "criteria": {
      "from_undead": "2024-09-20 16:42:44 +0000"
    },
    "done": true
  },
  "tombstone:adventure/first_knowledge": {
    "criteria": {
      "coded_trigger": "2024-09-20 16:42:44 +0000"
    },
    "done": true
  },
  "enemyexpansion:vampire_slayer": {
    "criteria": {
      "vampire_slayer_0": "2024-09-20 16:43:57 +0000"
    },
    "done": true
  },
  "minecraft:story/lava_bucket": {
    "criteria": {
      "lava_bucket": "2024-09-20 16:50:03 +0000"
    },
    "done": true
  },
  "tombstone:adventure/choose_knowledge": {
    "criteria": {
      "coded_trigger": "2024-09-20 16:51:58 +0000"
    },
    "done": true
  },
  "minecraft:story/obtain_armor": {
    "criteria": {
      "iron_chestplate": "2024-09-20 19:59:46 +0000"
    },
    "done": true
  },
  "iceandfire:iceandfire/kill_ghost": {
    "criteria": {
      "killed_fire_dragon": "2024-09-20 20:05:07 +0000"
    },
    "done": true
  },
  "regions_unexplored:regions_explored": {
    "criteria": {
      "grassy_beach": "2024-09-20 21:06:38 +0000",
      "blackwood_taiga": "2024-09-20 20:57:20 +0000",
      "tropical_river": "2024-09-20 20:09:08 +0000",
      "joshua_desert": "2024-09-20 20:06:23 +0000",
      "baobab_savanna": "2024-09-20 20:38:54 +0000",
      "gravel_beach": "2024-09-20 21:06:30 +0000",
      "golden_boreal_taiga": "2024-09-20 21:05:49 +0000",
      "rainforest": "2024-09-20 20:06:21 +0000"
    },
    "done": false
  },
  "regions_unexplored:pioneer": {
    "criteria": {
      "grassy_beach": "2024-09-20 21:06:38 +0000",
      "blackwood_taiga": "2024-09-20 20:57:20 +0000",
      "tropical_river": "2024-09-20 20:09:08 +0000",
      "joshua_desert": "2024-09-20 20:06:23 +0000",
      "baobab_savanna": "2024-09-20 20:38:54 +0000",
      "gravel_beach": "2024-09-20 21:06:30 +0000",
      "golden_boreal_taiga": "2024-09-20 21:05:49 +0000",
      "rainforest": "2024-09-20 20:06:21 +0000"
    },
    "done": false
  },
  "repurposed_structures:monuments": {
    "criteria": {
      "in_monument_desert": "2024-09-20 20:12:08 +0000"
    },
    "done": false
  },
  "evenmoreinstruments:recipes/trombone": {
    "criteria": {
      "has_item": "2024-09-20 20:12:58 +0000"
    },
    "done": true
  },
  "supplementaries:adventure/way_sign": {
    "criteria": {
      "bastion": "2024-09-20 20:15:00 +0000"
    },
    "done": true
  },
  "tombstone:adventure/ashes_and_bones": {
    "criteria": {
      "coded_trigger": "2024-09-20 20:17:00 +0000"
    },
    "done": true
  },
  "betterdungeons:zombie_dungeon": {
    "criteria": {
      "in_better_zombie_dungeon": "2024-09-20 20:22:37 +0000"
    },
    "done": true
  },
  "betterdungeons:all_dungeons": {
    "criteria": {
      "in_better_zombie_dungeon": "2024-09-20 20:22:37 +0000",
      "in_better_skeleton_dungeon": "2024-09-22 16:21:15 +0000"
    },
    "done": false
  },
  "farmersdelight:main/craft_knife": {
    "criteria": {
      "golden_knife": "2024-09-20 20:25:40 +0000"
    },
    "done": true
  },
  "dungeons_arise:find_bandit_village": {
    "criteria": {
      "location0": "2024-09-20 20:27:34 +0000"
    },
    "done": true
  },
  "tombstone:adventure/create_magic_tablet": {
    "criteria": {
      "has_magic_tablet": "2024-09-20 20:31:22 +0000"
    },
    "done": true
  },
  "minecraft:story/deflect_arrow": {
    "criteria": {
      "deflected_projectile": "2024-09-20 20:33:31 +0000"
    },
    "done": true
  },
  "tombstone:recipes/from_grave_key": {
    "criteria": {
      "has_ingredient": "2024-09-20 20:33:33 +0000"
    },
    "done": true
  },
  "tombstone:adventure/enchant_grave_key": {
    "criteria": {
      "has_upgraded_grave_key": "2024-09-20 20:33:33 +0000"
    },
    "done": true
  },
  "alexsmobs:alexsmobs/kangaroo": {
    "criteria": {
      "killed_by": "2024-09-20 20:36:14 +0000"
    },
    "done": true
  },
  "repurposed_structures:villages": {
    "criteria": {
      "in_village_badlands": "2024-09-20 20:37:08 +0000"
    },
    "done": false
  },
  "mca:root": {
    "criteria": {
      "village_plains": "2024-09-20 20:41:51 +0000"
    },
    "done": true
  },
  "paraglider:pray_to_the_goddess": {
    "criteria": {
      "bargain": "2024-09-20 20:42:20 +0000"
    },
    "done": true
  },
  "dungeons_arise:find_bathhouse": {
    "criteria": {
      "location0": "2024-09-20 20:57:27 +0000"
    },
    "done": true
  },
  "repurposed_structures:pyramids": {
    "criteria": {
      "in_pyramid_dark_forest": "2024-09-20 20:57:37 +0000"
    },
    "done": false
  },
  "endrem:main/old_eye": {
    "criteria": {
      "old_eye": "2024-09-20 21:00:36 +0000"
    },
    "done": true
  },
  "endrem:main/root": {
    "criteria": {
      "old_eye": "2024-09-20 21:00:36 +0000"
    },
    "done": true
  },
  "tombstone:adventure/create_magic_scroll": {
    "criteria": {
      "has_magic_scroll": "2024-09-20 21:00:36 +0000"
    },
    "done": true
  },
  "tombstone:adventure/bone_crusher": {
    "criteria": {
      "coded_trigger": "2024-09-20 21:02:20 +0000"
    },
    "done": true
  },
  "alexsmobs:alexsmobs/seagull_steal": {
    "criteria": {
      "ex": "2024-09-20 21:06:27 +0000"
    },
    "done": true
  },
  "dungeons_arise:find_mushroom_house": {
    "criteria": {
      "location0": "2024-09-20 21:14:54 +0000"
    },
    "done": true
  },
  "artifacts:amateur_archaeologist": {
    "criteria": {
      "find_artifact": "2024-09-22 15:55:59 +0000"
    },
    "done": true
  },
  "paraglider:statues_bargain": {
    "criteria": {
      "bargain": "2024-09-22 16:06:31 +0000"
    },
    "done": true
  },
  "tombstone:adventure/teleport_to_grave": {
    "criteria": {
      "coded_trigger": "2024-09-22 16:14:58 +0000"
    },
    "done": true
  },
  "minecraft:story/mine_diamond": {
    "criteria": {
      "diamond": "2024-09-22 16:15:00 +0000"
    },
    "done": true
  },
  "betterdungeons:skeleton_dungeon": {
    "criteria": {
      "in_better_skeleton_dungeon": "2024-09-22 16:21:15 +0000"
    },
    "done": true
  },
  "enemyexpansion:troll_hunter": {
    "criteria": {
      "troll_hunter_0": "2024-09-22 16:22:38 +0000"
    },
    "done": true
  },
  "gobber2:root": {
    "criteria": {
      "gobber2_globette": "2024-09-22 16:28:49 +0000"
    },
    "done": true
  },
  "tombstone:adventure/chain_death": {
    "criteria": {
      "coded_trigger": "2024-09-22 16:47:14 +0000"
    },
    "done": true
  },
  "iceandfire:iceandfire/kill_if_dragon": {
    "criteria": {
      "killed_ice_dragon": "2024-09-22 16:48:11 +0000"
    },
    "done": true
  },
  "alexscaves:alexscaves/root": {
    "criteria": {
      "underground_cabin": "2024-09-22 16:55:17 +0000"
    },
    "done": true
  },
  "mowziesmobs:kill_ferrous_wroughtnaut": {
    "criteria": {
      "ferrous_wroughtnaut": "2024-09-22 16:59:19 +0000"
    },
    "done": true
  },
  "tombstone:adventure/ambush": {
    "criteria": {
      "coded_trigger": "2024-09-23 17:24:59 +0000"
    },
    "done": true
  },
  "friendsandfoes:adventure/the_magicians": {
    "criteria": {
      "killed_iceologer": "2024-09-23 17:24:59 +0000"
    },
    "done": false
  },
  "friendsandfoes:adventure/kill_iceologer": {
    "criteria": {
      "killed_iceologer": "2024-09-23 17:24:59 +0000"
    },
    "done": true
  },
  "DataVersion": 3465
}